time,file,line,key,old,new,source,note
2026-10-02T19:17:17,Resource/SR3/CHS/dict/le_data_supplement.txt,652,BACK,背后,返回,L3-high,上下文为 BACK LEFT/BACK RIGHT 方向盘指令簇，此处应为 UI 返回
2026-10-02T19:17:17,Resource/SR4/CHS/dict/le_data_supplement.txt,6415,BACK,背后,返回,L3-high,上下文为 退出游戏/保存读取/锒铛入狱，菜单键
2026-10-02T19:17:17,Resource/SR4/CHS/dict/le_data_supplement.txt,11599,BACK,背后,返回,L3-high,同簇，菜单返回键
2026-10-02T19:17:17,Resource/SR4/CHS/le_string/menu_us.txt,604,HASH_438825D7,背后,返回,L3-high,menu_us.txt 上下文：读取游戏/退出/单人游戏，确为菜单返回
2026-10-02T19:17:17,Resource/SR4/CHS/le_string/static_us.txt,659,HASH_E4F559ED,背后,返回,L3-high,static_us.txt 上下文：读取游戏/单人游戏/退出，确为菜单返回
2026-10-02T19:31:24,Resource/SR3/CHS/le_string/customize_us.txt,400,LEVEL_2,第 2 关,等级 2,unify_terms:LEVEL 2,术语统一：LEVEL 2 → 等级 2
2026-10-02T19:31:24,Resource/SR3/CHS/le_string/customize_us.txt,2295,LEVEL_3,第 3 关,等级 3,unify_terms:LEVEL 3,术语统一：LEVEL 3 → 等级 3
2026-10-02T19:31:24,Resource/SR3/CHS/le_string/customize_us.txt,2887,LEVEL_1,第 1 关,等级 1,unify_terms:LEVEL 1,术语统一：LEVEL 1 → 等级 1
2026-10-02T19:31:24,Resource/SR4/CHS/le_string/customize_us.txt,652,Level_2,第 2 关,等级 2,unify_terms:LEVEL 2,术语统一：LEVEL 2 → 等级 2
2026-10-02T19:31:24,Resource/SR4/CHS/le_string/customize_us.txt,1247,Level_3,第 3 关,等级 3,unify_terms:LEVEL 3,术语统一：LEVEL 3 → 等级 3
2026-10-02T19:31:24,Resource/SR4/CHS/le_string/customize_us.txt,2382,Level_1,第 1 关,等级 1,unify_terms:LEVEL 1,术语统一：LEVEL 1 → 等级 1
2026-10-02T19:31:24,Resource/SR4/CHS/le_string/activity_us.txt,297,HASH_7E926BB1,一名[format][color:red]迪克帮[/format]成员正抓走一名[format][color:green]联络人[/format]，把人抢回来！,一名[format][color:red]赛博帮[/format]成员正抓走一名[format][color:green]联络人[/format]，把人抢回来！,global_subst:迪克帮,术语全文替换：迪克帮 → 赛博帮（SR 官方中文译名；Decker = 赛博帮）
2026-10-02T19:31:24,Resource/SR4/CHS/le_string/activity_us.txt,314,HASH_F3BAA4B4,这是个陷阱！招募[format][color:green]联络人[/format]前先杀光[format][color:red]迪克帮[/format]。,这是个陷阱！招募[format][color:green]联络人[/format]前先杀光[format][color:red]赛博帮[/format]。,global_subst:迪克帮,术语全文替换：迪克帮 → 赛博帮（SR 官方中文译名；Decker = 赛博帮）
2026-10-02T19:31:24,Resource/SR4/CHS/le_string/activity_us.txt,332,HASH_DC3D6879,你发现了陷阱！招募[format][color:green]联络人[/format]前先杀光[format][color:red]迪克帮[/format]。,你发现了陷阱！招募[format][color:green]联络人[/format]前先杀光[format][color:red]赛博帮[/format]。,global_subst:迪克帮,术语全文替换：迪克帮 → 赛博帮（SR 官方中文译名；Decker = 赛博帮）
2026-10-02T19:31:24,Resource/SR4/CHS/le_string/activity_us.txt,359,HASH_4AAD62BD,击杀[format][color:red]迪克帮[/format]并救出[format][color:green]联络人[/format],击杀[format][color:red]赛博帮[/format]并救出[format][color:green]联络人[/format],global_subst:迪克帮,术语全文替换：迪克帮 → 赛博帮（SR 官方中文译名；Decker = 赛博帮）
2026-10-02T19:31:24,Resource/SR4/CHS/le_string/customize_us.txt,381,cm_lbdy_deckermatt,迪克帮王者长裤,赛博帮王者长裤,global_subst:迪克帮,术语全文替换：迪克帮 → 赛博帮（SR 官方中文译名；Decker = 赛博帮）
2026-10-02T19:31:24,Resource/SR4/CHS/le_string/customize_us.txt,432,cm_dkr01_hdphones,迪克帮耳机,赛博帮耳机,global_subst:迪克帮,术语全文替换：迪克帮 → 赛博帮（SR 官方中文译名；Decker = 赛博帮）
2026-10-02T19:31:24,Resource/SR4/CHS/le_string/customize_us.txt,534,cm_ubdy_deckermatt,迪克帮王者夹克,赛博帮王者夹克,global_subst:迪克帮,术语全文替换：迪克帮 → 赛博帮（SR 官方中文译名；Decker = 赛博帮）
2026-10-02T19:31:24,Resource/SR4/CHS/le_string/customize_us.txt,739,HASH_AA682C89,津亚克最爱的颜色,齐尼亚克最爱的颜色,global_subst:津亚克,术语全文替换：津亚克 → 齐尼亚克（术语表权威译名，「津」为错字）
2026-10-02T19:31:24,Resource/SR4/CHS/le_string/customize_us.txt,1507,cm_ubdy_hooddecker,迪克帮连帽衫,赛博帮连帽衫,global_subst:迪克帮,术语全文替换：迪克帮 → 赛博帮（SR 官方中文译名；Decker = 赛博帮）
2026-10-02T19:31:24,Resource/SR4/CHS/le_string/customize_us.txt,1666,cm_foot_deckermatt,迪克帮王者鞋,赛博帮王者鞋,global_subst:迪克帮,术语全文替换：迪克帮 → 赛博帮（SR 官方中文译名；Decker = 赛博帮）
2026-10-02T19:31:24,Resource/SR4/CHS/le_string/customize_us.txt,2704,Matt Miller Outfit,迪克帮王者,赛博帮王者,global_subst:迪克帮,术语全文替换：迪克帮 → 赛博帮（SR 官方中文译名；Decker = 赛博帮）
2026-10-02T19:31:24,Resource/SR4/CHS/le_string/hud_us.txt,519,HASH_C21B6A60,使用念力 [image:ui_hud_gsi_obj_tele] 向津亚克投掷爆裂 CID。,使用念力 [image:ui_hud_gsi_obj_tele] 向齐尼亚克投掷爆裂 CID。,global_subst:津亚克,术语全文替换：津亚克 → 齐尼亚克（术语表权威译名，「津」为错字）
2026-10-02T19:31:24,Resource/SR4/CHS/le_string/hud_us.txt,778,HASH_5571218D,你的门户车库现已提供迪克帮载具,你的门户车库现已提供赛博帮载具,global_subst:迪克帮,术语全文替换：迪克帮 → 赛博帮（SR 官方中文译名；Decker = 赛博帮）
2026-10-02T19:31:24,Resource/SR4/CHS/le_string/hud_us.txt,1168,HASH_C32423D6,在赛博空间中竞速，在时间耗尽前击中 [format][color:blue]迪克帮目标[/format]，同时避开 [format][color:red]防火墙[/format]。,在赛博空间中竞速，在时间耗尽前击中 [format][color:blue]赛博帮目标[/format]，同时避开 [format][color:red]防火墙[/format]。,global_subst:迪克帮,术语全文替换：迪克帮 → 赛博帮（SR 官方中文译名；Decker = 赛博帮）
2026-10-02T19:31:24,Resource/SR4/CHS/le_string/hud_us.txt,1174,HASH_6487EAD6,津亚克,齐尼亚克,global_subst:津亚克,术语全文替换：津亚克 → 齐尼亚克（术语表权威译名，「津」为错字）
2026-10-02T19:31:24,Resource/SR4/CHS/le_string/mission_us.txt,151,HASH_73A66715,赢下津亚克最爱的游戏节目,赢下齐尼亚克最爱的游戏节目,global_subst:津亚克,术语全文替换：津亚克 → 齐尼亚克（术语表权威译名，「津」为错字）
2026-10-02T19:31:24,Resource/SR4/CHS/le_string/mission_us.txt,588,HASH_44957857,我作为无畏孩童的岁月就此落幕。下次相见，我将向你娓娓道来青年津亚克的故事。,我作为无畏孩童的岁月就此落幕。下次相见，我将向你娓娓道来青年齐尼亚克的故事。,global_subst:津亚克,术语全文替换：津亚克 → 齐尼亚克（术语表权威译名，「津」为错字）
2026-10-02T19:31:24,Resource/SR4/CHS/le_string/mission_us.txt,632,HASH_F273F45F,击杀 [format][color:kill]津亚克[/format],击杀 [format][color:kill]齐尼亚克[/format],global_subst:津亚克,术语全文替换：津亚克 → 齐尼亚克（术语表权威译名，「津」为错字）
2026-10-02T19:31:24,Resource/SR4/CHS/le_string/mission_us.txt,911,HASH_4969F688,赢下津亚克最爱的游戏节目,赢下齐尼亚克最爱的游戏节目,global_subst:津亚克,术语全文替换：津亚克 → 齐尼亚克（术语表权威译名，「津」为错字）
2026-10-02T19:31:24,Resource/SR4/CHS/le_string/mission_us.txt,1258,HASH_05EC4EBC,想惹毛津亚克吗？咱们给他来点儿老式冗长演说尝尝。,想惹毛齐尼亚克吗？咱们给他来点儿老式冗长演说尝尝。,global_subst:津亚克,术语全文替换：津亚克 → 齐尼亚克（术语表权威译名，「津」为错字）
2026-10-02T19:31:24,Resource/SR4/CHS/le_string/mission_us.txt,1260,HASH_26151FBC,与 [format][color:kill]津亚克[/format] 战斗,与 [format][color:kill]齐尼亚克[/format] 战斗,global_subst:津亚克,术语全文替换：津亚克 → 齐尼亚克（术语表权威译名，「津」为错字）
2026-10-02T19:31:24,Resource/SR4/CHS/le_string/mission_us.txt,1266,HASH_B32630BD,津亚克撒谎了,齐尼亚克撒谎了,global_subst:津亚克,术语全文替换：津亚克 → 齐尼亚克（术语表权威译名，「津」为错字）
2026-10-02T19:31:24,Resource/SR4/CHS/le_string/mission_us.txt,1396,M01_OBJ_KILL_ZINYAK,与 [format][color:kill]津亚克[/format] 战斗,与 [format][color:kill]齐尼亚克[/format] 战斗,global_subst:津亚克,术语全文替换：津亚克 → 齐尼亚克（术语表权威译名，「津」为错字）
2026-10-02T19:31:24,Resource/SR4/CHS/le_string/mission_us.txt,1432,HASH_12592AD6,她或许不是最讨喜的人，但你要阻止津亚克，就少不了阿莎。,她或许不是最讨喜的人，但你要阻止齐尼亚克，就少不了阿莎。,global_subst:津亚克,术语全文替换：津亚克 → 齐尼亚克（术语表权威译名，「津」为错字）
2026-10-02T19:31:24,Resource/SR4/CHS/le_string/mission_us.txt,1533,HASH_E28697E6,会见联手扳倒津亚克的船员,会见联手扳倒齐尼亚克的船员,global_subst:津亚克,术语全文替换：津亚克 → 齐尼亚克（术语表权威译名，「津」为错字）
2026-10-02T19:31:24,Resource/SR4/CHS/le_string/mission_us.txt,1557,HASH_95F784EA,基思说，在津亚克死前他没法去约会。咱们能快点吗？,基思说，在齐尼亚克死前他没法去约会。咱们能快点吗？,global_subst:津亚克,术语全文替换：津亚克 → 齐尼亚克（术语表权威译名，「津」为错字）
2026-10-02T19:31:24,Resource/SR4/CHS/le_string/mission_us.txt,1578,HASH_5F891DEC,那些败于我威势之下的人，我绝不敢任其在现实世界中游荡；但虚拟世界另当别论。这念头如异象般降临！一张庞大互联的模拟世界之网，不仅用以囚禁宇宙间最杰出之辈，更要摧垮他们的意志，令其俯首称臣于我——津亚克，辛族帝国的银河霸主、至高皇帝。哦，我是否忘了提及，我弑了前任、将那王座据为己有？恕我失言。,那些败于我威势之下的人，我绝不敢任其在现实世界中游荡；但虚拟世界另当别论。这念头如异象般降临！一张庞大互联的模拟世界之网，不仅用以囚禁宇宙间最杰出之辈，更要摧垮他们的意志，令其俯首称臣于我——齐尼亚克，辛族帝国的银河霸主、至高皇帝。哦，我是否忘了提及，我弑了前任、将那王座据为己有？恕我失言。,global_subst:津亚克,术语全文替换：津亚克 → 齐尼亚克（术语表权威译名，「津」为错字）
2026-10-02T19:31:24,Resource/SR4/CHS/le_string/static_us.txt,336,HASH_0694B82E,津亚克雕像已摧毁,齐尼亚克雕像已摧毁,global_subst:津亚克,术语全文替换：津亚克 → 齐尼亚克（术语表权威译名，「津」为错字）
2026-10-02T19:31:24,Resource/SR4/CHS/le_string/static_us.txt,450,HASH_97D163C2,收听津亚克电台的时长,收听齐尼亚克电台的时长,global_subst:津亚克,术语全文替换：津亚克 → 齐尼亚克（术语表权威译名，「津」为错字）
2026-10-02T19:31:24,Resource/SR4/CHS/dict/le_data_supplement.txt,297,"A [format][color:red]DECKER[/format] IS GRABBING ONE OF THE [format][color:green]CONTACTS[/format], GET THEM BACK!",一名[format][color:red]迪克帮[/format]成员正抓走一名[format][color:green]联络人[/format]，把人抢回来！,一名[format][color:red]赛博帮[/format]成员正抓走一名[format][color:green]联络人[/format]，把人抢回来！,global_subst:迪克帮,术语全文替换：迪克帮 → 赛博帮（SR 官方中文译名；Decker = 赛博帮）
2026-10-02T19:31:24,Resource/SR4/CHS/dict/le_data_supplement.txt,314,IT'S A TRAP! KILL ALL [format][color:red]DECKERS[/format] BEFORE RECRUITING THE [format][color:green]CONTACTS[/format].,这是个陷阱！招募[format][color:green]联络人[/format]前先杀光[format][color:red]迪克帮[/format]。,这是个陷阱！招募[format][color:green]联络人[/format]前先杀光[format][color:red]赛博帮[/format]。,global_subst:迪克帮,术语全文替换：迪克帮 → 赛博帮（SR 官方中文译名；Decker = 赛博帮）
2026-10-02T19:31:24,Resource/SR4/CHS/dict/le_data_supplement.txt,332,YOU UNCOVERED A TRAP! KILL ALL THE [format][color:red]DECKERS[/format] BEFORE RECRUITING THE [format][color:green]CONTACTS[/format].,你发现了陷阱！招募[format][color:green]联络人[/format]前先杀光[format][color:red]迪克帮[/format]。,你发现了陷阱！招募[format][color:green]联络人[/format]前先杀光[format][color:red]赛博帮[/format]。,global_subst:迪克帮,术语全文替换：迪克帮 → 赛博帮（SR 官方中文译名；Decker = 赛博帮）
2026-10-02T19:31:24,Resource/SR4/CHS/dict/le_data_supplement.txt,359,KILL THE [format][color:red]DECKERS[/format] AND RESCUE THE [format][color:green]CONTACT[/format],击杀[format][color:red]迪克帮[/format]并救出[format][color:green]联络人[/format],击杀[format][color:red]赛博帮[/format]并救出[format][color:green]联络人[/format],global_subst:迪克帮,术语全文替换：迪克帮 → 赛博帮（SR 官方中文译名；Decker = 赛博帮）
2026-10-02T19:31:24,Resource/SR4/CHS/dict/le_data_supplement.txt,753,DECKER KING PANTS,迪克帮王者长裤,赛博帮王者长裤,global_subst:迪克帮,术语全文替换：迪克帮 → 赛博帮（SR 官方中文译名；Decker = 赛博帮）
2026-10-02T19:31:24,Resource/SR4/CHS/dict/le_data_supplement.txt,804,DECKER HEADPHONES,迪克帮耳机,赛博帮耳机,global_subst:迪克帮,术语全文替换：迪克帮 → 赛博帮（SR 官方中文译名；Decker = 赛博帮）
2026-10-02T19:31:24,Resource/SR4/CHS/dict/le_data_supplement.txt,906,DECKER KING JACKET,迪克帮王者夹克,赛博帮王者夹克,global_subst:迪克帮,术语全文替换：迪克帮 → 赛博帮（SR 官方中文译名；Decker = 赛博帮）
2026-10-02T19:31:24,Resource/SR4/CHS/dict/le_data_supplement.txt,1111,Zinyak's favorite color,津亚克最爱的颜色,齐尼亚克最爱的颜色,global_subst:津亚克,术语全文替换：津亚克 → 齐尼亚克（术语表权威译名，「津」为错字）
2026-10-02T19:31:24,Resource/SR4/CHS/dict/le_data_supplement.txt,1879,DECKER HOODIE,迪克帮连帽衫,赛博帮连帽衫,global_subst:迪克帮,术语全文替换：迪克帮 → 赛博帮（SR 官方中文译名；Decker = 赛博帮）
2026-10-02T19:31:24,Resource/SR4/CHS/dict/le_data_supplement.txt,2038,DECKER KING SHOES,迪克帮王者鞋,赛博帮王者鞋,global_subst:迪克帮,术语全文替换：迪克帮 → 赛博帮（SR 官方中文译名；Decker = 赛博帮）
2026-10-02T19:31:24,Resource/SR4/CHS/dict/le_data_supplement.txt,3076,DECKER KING,迪克帮王者,赛博帮王者,global_subst:迪克帮,术语全文替换：迪克帮 → 赛博帮（SR 官方中文译名；Decker = 赛博帮）
2026-10-02T19:31:24,Resource/SR4/CHS/dict/le_data_supplement.txt,3438,FIGHT [format][color:kill]ZINYAK[/format],与 [format][color:kill]津亚克[/format] 战斗,与 [format][color:kill]齐尼亚克[/format] 战斗,global_subst:津亚克,术语全文替换：津亚克 → 齐尼亚克（术语表权威译名，「津」为错字）
2026-10-02T19:31:24,Resource/SR4/CHS/dict/le_data_supplement.txt,4938,Use TK [image:ui_hud_gsi_obj_tele] to throw explosive CIDs at Zinyak.,使用念力 [image:ui_hud_gsi_obj_tele] 向津亚克投掷爆裂 CID。,使用念力 [image:ui_hud_gsi_obj_tele] 向齐尼亚克投掷爆裂 CID。,global_subst:津亚克,术语全文替换：津亚克 → 齐尼亚克（术语表权威译名，「津」为错字）
2026-10-02T19:31:24,Resource/SR4/CHS/dict/le_data_supplement.txt,5197,Decker vehicles are available at your Gateway Garage,你的门户车库现已提供迪克帮载具,你的门户车库现已提供赛博帮载具,global_subst:迪克帮,术语全文替换：迪克帮 → 赛博帮（SR 官方中文译名；Decker = 赛博帮）
2026-10-02T19:31:24,Resource/SR4/CHS/dict/le_data_supplement.txt,5587,Race through Cyberspace hitting [format][color:blue]Decker targets[/format] while avoiding [format][color:red]Firewalls[/format] before the time runs out.,在赛博空间中竞速，在时间耗尽前击中 [format][color:blue]迪克帮目标[/format]，同时避开 [format][color:red]防火墙[/format]。,在赛博空间中竞速，在时间耗尽前击中 [format][color:blue]赛博帮目标[/format]，同时避开 [format][color:red]防火墙[/format]。,global_subst:迪克帮,术语全文替换：迪克帮 → 赛博帮（SR 官方中文译名；Decker = 赛博帮）
2026-10-02T19:31:24,Resource/SR4/CHS/dict/le_data_supplement.txt,5593,ZINYAK,津亚克,齐尼亚克,global_subst:津亚克,术语全文替换：津亚克 → 齐尼亚克（术语表权威译名，「津」为错字）
2026-10-02T19:31:24,Resource/SR4/CHS/dict/le_data_supplement.txt,6862,WIN ZINYAK'S FAVORITE GAME SHOW,赢下津亚克最爱的游戏节目,赢下齐尼亚克最爱的游戏节目,global_subst:津亚克,术语全文替换：津亚克 → 齐尼亚克（术语表权威译名，「津」为错字）
2026-10-02T19:31:24,Resource/SR4/CHS/dict/le_data_supplement.txt,7299,"Thus ends my years as a plucky child. Next we meet, I shall regale you with the tale of Zinyak, the young man.",我作为无畏孩童的岁月就此落幕。下次相见，我将向你娓娓道来青年津亚克的故事。,我作为无畏孩童的岁月就此落幕。下次相见，我将向你娓娓道来青年齐尼亚克的故事。,global_subst:津亚克,术语全文替换：津亚克 → 齐尼亚克（术语表权威译名，「津」为错字）
2026-10-02T19:31:24,Resource/SR4/CHS/dict/le_data_supplement.txt,7622,WIN ZINYAK'S FAVORITE GAME SHOW,赢下津亚克最爱的游戏节目,赢下齐尼亚克最爱的游戏节目,global_subst:津亚克,术语全文替换：津亚克 → 齐尼亚克（术语表权威译名，「津」为错字）
2026-10-02T19:31:24,Resource/SR4/CHS/dict/le_data_supplement.txt,7969,Want to piss off Zinyak? Let's say we give him a taste of the old filibuster.,想惹毛津亚克吗？咱们给他来点儿老式冗长演说尝尝。,想惹毛齐尼亚克吗？咱们给他来点儿老式冗长演说尝尝。,global_subst:津亚克,术语全文替换：津亚克 → 齐尼亚克（术语表权威译名，「津」为错字）
2026-10-02T19:31:24,Resource/SR4/CHS/dict/le_data_supplement.txt,7971,FIGHT [format][color:kill]ZINYAK[/format],与 [format][color:kill]津亚克[/format] 战斗,与 [format][color:kill]齐尼亚克[/format] 战斗,global_subst:津亚克,术语全文替换：津亚克 → 齐尼亚克（术语表权威译名，「津」为错字）
2026-10-02T19:31:24,Resource/SR4/CHS/dict/le_data_supplement.txt,7977,ZINYAK LIED,津亚克撒谎了,齐尼亚克撒谎了,global_subst:津亚克,术语全文替换：津亚克 → 齐尼亚克（术语表权威译名，「津」为错字）
2026-10-02T19:31:24,Resource/SR4/CHS/dict/le_data_supplement.txt,8107,FIGHT [format][color:kill]ZINYAK[/format],与 [format][color:kill]津亚克[/format] 战斗,与 [format][color:kill]齐尼亚克[/format] 战斗,global_subst:津亚克,术语全文替换：津亚克 → 齐尼亚克（术语表权威译名，「津」为错字）
2026-10-02T19:31:24,Resource/SR4/CHS/dict/le_data_supplement.txt,8143,"She may not be the most pleasant person, but if you're going to stop Zinyak, you need Asha.",她或许不是最讨喜的人，但你要阻止津亚克，就少不了阿莎。,她或许不是最讨喜的人，但你要阻止齐尼亚克，就少不了阿莎。,global_subst:津亚克,术语全文替换：津亚克 → 齐尼亚克（术语表权威译名，「津」为错字）
2026-10-02T19:31:24,Resource/SR4/CHS/dict/le_data_supplement.txt,8244,MEET THE CREW TO BRING DOWN ZINYAK,会见联手扳倒津亚克的船员,会见联手扳倒齐尼亚克的船员,global_subst:津亚克,术语全文替换：津亚克 → 齐尼亚克（术语表权威译名，「津」为错字）
2026-10-02T19:31:24,Resource/SR4/CHS/dict/le_data_supplement.txt,8268,Keith said he can't go on a date until Zinyak is dead. Can we speed this up?,基思说，在津亚克死前他没法去约会。咱们能快点吗？,基思说，在齐尼亚克死前他没法去约会。咱们能快点吗？,global_subst:津亚克,术语全文替换：津亚克 → 齐尼亚克（术语表权威译名，「津」为错字）
2026-10-02T19:31:24,Resource/SR4/CHS/dict/le_data_supplement.txt,8289,"I could not trust those who fell before my might to roam around unsupervised in the real world but a virtual one, that was another matter entirely. It came to me as a vision! A vast interconnected web of simulated worlds designed not only to contain the best and brightest in the universe but to break their wills and make them subservient to me, Zinyak, Galactic Overlord and Head Emperor Supreme of the Zin Empire. Oh, did I forget to mention I killed my predecessor and claimed his throne for my own? My apologies for the oversight.",那些败于我威势之下的人，我绝不敢任其在现实世界中游荡；但虚拟世界另当别论。这念头如异象般降临！一张庞大互联的模拟世界之网，不仅用以囚禁宇宙间最杰出之辈，更要摧垮他们的意志，令其俯首称臣于我——津亚克，辛族帝国的银河霸主、至高皇帝。哦，我是否忘了提及，我弑了前任、将那王座据为己有？恕我失言。,那些败于我威势之下的人，我绝不敢任其在现实世界中游荡；但虚拟世界另当别论。这念头如异象般降临！一张庞大互联的模拟世界之网，不仅用以囚禁宇宙间最杰出之辈，更要摧垮他们的意志，令其俯首称臣于我——齐尼亚克，辛族帝国的银河霸主、至高皇帝。哦，我是否忘了提及，我弑了前任、将那王座据为己有？恕我失言。,global_subst:津亚克,术语全文替换：津亚克 → 齐尼亚克（术语表权威译名，「津」为错字）
2026-10-02T19:31:24,Resource/SR4/CHS/dict/le_data_supplement.txt,8840,ZINYAK STATUES DESTROYED,津亚克雕像已摧毁,齐尼亚克雕像已摧毁,global_subst:津亚克,术语全文替换：津亚克 → 齐尼亚克（术语表权威译名，「津」为错字）
2026-10-02T19:31:24,Resource/SR4/CHS/dict/le_data_supplement.txt,11276,ZINYAK STATUES DESTROYED,津亚克雕像已摧毁,齐尼亚克雕像已摧毁,global_subst:津亚克,术语全文替换：津亚克 → 齐尼亚克（术语表权威译名，「津」为错字）
2026-10-02T19:31:24,Resource/SR4/CHS/dict/le_data_supplement.txt,11390,TIME LISTENING TO ZINYAK RADIO,收听津亚克电台的时长,收听齐尼亚克电台的时长,global_subst:津亚克,术语全文替换：津亚克 → 齐尼亚克（术语表权威译名，「津」为错字）
2026-10-02T19:31:24,Resource/SR4/CHS/dict/le_string_keys.txt,190,M01_OBJ_KILL_ZINYAK,与 [format][color:kill]津亚克[/format] 战斗,与 [format][color:kill]齐尼亚克[/format] 战斗,global_subst:津亚克,术语全文替换：津亚克 → 齐尼亚克（术语表权威译名，「津」为错字）
2026-10-02T19:31:24,Resource/SR4/CHS/dict/le_string_keys.txt,326,Matt Miller Outfit,迪克帮王者,赛博帮王者,global_subst:迪克帮,术语全文替换：迪克帮 → 赛博帮（SR 官方中文译名；Decker = 赛博帮）
2026-10-02T19:31:24,Resource/SR4/CHS/dict/le_string_keys.txt,1010,cm_dkr01_hdphones,迪克帮耳机,赛博帮耳机,global_subst:迪克帮,术语全文替换：迪克帮 → 赛博帮（SR 官方中文译名；Decker = 赛博帮）
2026-10-02T19:31:24,Resource/SR4/CHS/dict/le_string_keys.txt,1027,cm_foot_deckermatt,迪克帮王者鞋,赛博帮王者鞋,global_subst:迪克帮,术语全文替换：迪克帮 → 赛博帮（SR 官方中文译名；Decker = 赛博帮）
2026-10-02T19:31:24,Resource/SR4/CHS/dict/le_string_keys.txt,1083,cm_lbdy_deckermatt,迪克帮王者长裤,赛博帮王者长裤,global_subst:迪克帮,术语全文替换：迪克帮 → 赛博帮（SR 官方中文译名；Decker = 赛博帮）
2026-10-02T19:31:24,Resource/SR4/CHS/dict/le_string_keys.txt,1190,cm_ubdy_deckermatt,迪克帮王者夹克,赛博帮王者夹克,global_subst:迪克帮,术语全文替换：迪克帮 → 赛博帮（SR 官方中文译名；Decker = 赛博帮）
2026-10-02T19:31:24,Resource/SR4/CHS/dict/le_string_keys.txt,1196,cm_ubdy_hooddecker,迪克帮连帽衫,赛博帮连帽衫,global_subst:迪克帮,术语全文替换：迪克帮 → 赛博帮（SR 官方中文译名；Decker = 赛博帮）
2026-10-02T19:32:31,Resource/SR3/CHS/dict/le_data_supplement.txt,6970,"TOO MANY HOS DIED, RECRUIT THEM {RECRUIT_DISMISS_IMG} THEN QUICKLY FLEE THE SCENE",太多女孩死了，招募她们 {RECRUIT_DI私享ISS_IMG} 然后迅速逃离现场,太多女孩死了，招募她们 {RECRUIT_DISMISS_IMG} 然后迅速逃离现场,L1-placeholder,占位符被 BDSM→私享 的无边界替换误伤，修复
2026-10-02T19:32:31,Resource/SR3/CHS/le_string/activity_us.txt,534,ACT_PIMPING_RECRUIT_HOS_TEXT,{RECRUIT_DI私享ISS_IMG} 招募[format][color:green]女孩[/format],{RECRUIT_DISMISS_IMG} 招募[format][color:green]女孩[/format],L1-placeholder,同上
2026-10-02T19:32:31,Resource/SR3/CHS/le_string/activity_us.txt,734,ACT_PIMPING_FAIL_HOS_ALL_DIED,太多女孩死了，招募她们 {RECRUIT_DI私享ISS_IMG} 然后迅速逃离现场,太多女孩死了，招募她们 {RECRUIT_DISMISS_IMG} 然后迅速逃离现场,L1-placeholder,同上
2026-10-02T19:32:31,Resource/SR4/CHS/dict/le_data_supplement.txt,206,"TOO MANY HOS DIED, RECRUIT THEM {RECRUIT_DISMISS_IMG} THEN QUICKLY FLEE THE SCENE",太多女孩死了，招募她们 {RECRUIT_DI私享ISS_IMG} 然后迅速逃离现场,太多女孩死了，招募她们 {RECRUIT_DISMISS_IMG} 然后迅速逃离现场,L1-placeholder,同上
2026-10-02T19:33:16,Resource/SR3/CHS/dict/exe_hardcoded.txt,29,START DECKERS MISSION,开始骇客任务,开始赛博帮任务,global_subst:骇客任务,术语全文替换：骇客任务 → 赛博帮任务（START DECKERS MISSION，DECKER=赛博帮，「骇客」是错译）
2026-10-02T19:33:16,Resource/SR4/CHS/le_string/new_sr35_us.txt,1183,HASH_6CF963E7,根子博士的M.O.M.金牌,源木博士的M.O.M.金牌,global_subst:根子,术语全文替换：根子 → 源木（术语表：Prof. Genki = 源木；语料 81:18 占绝对多数）
2026-10-02T19:33:16,Resource/SR4/CHS/le_string/new_sr35_us.txt,1185,HASH_57F82FE8,"在你的HUB""手机""菜单中可以找到根子后援。根子女孩们会赶到战斗支援。","在你的HUB""手机""菜单中可以找到源木后援。源木女孩们会赶到战斗支援。",global_subst:根子,术语全文替换：根子 → 源木（术语表：Prof. Genki = 源木；语料 81:18 占绝对多数）
2026-10-02T19:33:16,Resource/SR4/CHS/le_string/new_sr35_us.txt,1217,HASH_6AEF17ED,根子博士的M.O.M.银牌,源木博士的M.O.M.银牌,global_subst:根子,术语全文替换：根子 → 源木（术语表：Prof. Genki = 源木；语料 81:18 占绝对多数）
2026-10-02T19:33:16,Resource/SR4/CHS/le_string/new_sr35_us.txt,1270,HASH_3CAAE0F8,根子博士的M.O.M.,源木博士的M.O.M.,global_subst:根子,术语全文替换：根子 → 源木（术语表：Prof. Genki = 源木；语料 81:18 占绝对多数）
2026-10-02T19:33:16,Resource/SR4/CHS/le_string/subtitle_us.txt,408,HASH_F3C8DDA9,欢迎来到试验场，根子粉丝们！今晚的赛事是第三街圣徒的头目和他的头号枪手对决死亡与沮丧的大厅——根子碗竞技场！他们会生还吗？会倒在你最爱的教授手下吗？敬请期待！屠杀现在开始！,欢迎来到试验场，源木粉丝们！今晚的赛事是第三街圣徒的头目和他的头号枪手对决死亡与沮丧的大厅——源木碗竞技场！他们会生还吗？会倒在你最爱的教授手下吗？敬请期待！屠杀现在开始！,global_subst:根子,术语全文替换：根子 → 源木（术语表：Prof. Genki = 源木；语料 81:18 占绝对多数）
2026-10-02T19:33:16,Resource/SR4/CHS/le_string/subtitle_us.txt,420,HASH_345898AA,欢迎来到心灵！压制！谋杀！规则很简单：每个得分区域包含各种漂浮的圆环。圆环的颜色表示你需要将哪种东西投进去才能得分。载具走蓝色，人走绿色，我们的根子教授本人走粉色。在时间限制内每个环都得分即可获胜。祝你好运！,欢迎来到心灵！压制！谋杀！规则很简单：每个得分区域包含各种漂浮的圆环。圆环的颜色表示你需要将哪种东西投进去才能得分。载具走蓝色，人走绿色，我们的源木教授本人走粉色。在时间限制内每个环都得分即可获胜。祝你好运！,global_subst:根子,术语全文替换：根子 → 源木（术语表：Prof. Genki = 源木；语料 81:18 占绝对多数）
2026-10-02T19:33:16,Resource/SR4/CHS/dict/le_data_supplement.txt,185,PROF. GENKI'S M.O.M.,根子博士的M.O.M.,源木博士的M.O.M.,global_subst:根子,术语全文替换：根子 → 源木（术语表：Prof. Genki = 源木；语料 81:18 占绝对多数）
2026-10-02T19:33:16,Resource/SR4/CHS/dict/le_data_supplement.txt,329,PROF. GENKI'S M.O.M.,根子博士的M.O.M.,源木博士的M.O.M.,global_subst:根子,术语全文替换：根子 → 源木（术语表：Prof. Genki = 源木；语料 81:18 占绝对多数）
2026-10-02T19:33:16,Resource/SR4/CHS/dict/le_data_supplement.txt,4578,PROF. GENKI'S M.O.M.,根子博士的M.O.M.,源木博士的M.O.M.,global_subst:根子,术语全文替换：根子 → 源木（术语表：Prof. Genki = 源木；语料 81:18 占绝对多数）
2026-10-02T19:33:16,Resource/SR4/CHS/dict/le_data_supplement.txt,9202,PROF. GENKI'S M.O.M.,根子博士的M.O.M.,源木博士的M.O.M.,global_subst:根子,术语全文替换：根子 → 源木（术语表：Prof. Genki = 源木；语料 81:18 占绝对多数）
2026-10-02T19:33:16,Resource/SR4/CHS/dict/le_data_supplement.txt,9656,GENKI'S M.O.M. GOLD MEDALS,根子博士的M.O.M.金牌,源木博士的M.O.M.金牌,global_subst:根子,术语全文替换：根子 → 源木（术语表：Prof. Genki = 源木；语料 81:18 占绝对多数）
2026-10-02T19:33:16,Resource/SR4/CHS/dict/le_data_supplement.txt,9658,"Genki Backup can be found in your HUB \""PHONE\"" menu. The Genki Girls will arrive to help in combat.","在你的HUB""手机""菜单中可以找到根子后援。根子女孩们会赶到战斗支援。","在你的HUB""手机""菜单中可以找到源木后援。源木女孩们会赶到战斗支援。",global_subst:根子,术语全文替换：根子 → 源木（术语表：Prof. Genki = 源木；语料 81:18 占绝对多数）
2026-10-02T19:33:16,Resource/SR4/CHS/dict/le_data_supplement.txt,9690,GENKI'S M.O.M. SILVER MEDALS,根子博士的M.O.M.银牌,源木博士的M.O.M.银牌,global_subst:根子,术语全文替换：根子 → 源木（术语表：Prof. Genki = 源木；语料 81:18 占绝对多数）
2026-10-02T19:33:16,Resource/SR4/CHS/dict/le_data_supplement.txt,9743,PROF. GENKI'S M.O.M.,根子博士的M.O.M.,源木博士的M.O.M.,global_subst:根子,术语全文替换：根子 → 源木（术语表：Prof. Genki = 源木；语料 81:18 占绝对多数）
2026-10-02T19:33:16,Resource/SR4/CHS/dict/le_data_supplement.txt,12120,"Welcome to MIND! OVER! MURDER! The rules are simple: Each scoring area contains a variety of floating rings. The color of the ring denotes the type of object you need to throw through it in order to score a point. Vehicles go through blue, people through green, and the head of our very own Professor Genki through the pink ones. Score a point on every hoop within the time limit and you win. Good luck!",欢迎来到心灵！压制！谋杀！规则很简单：每个得分区域包含各种漂浮的圆环。圆环的颜色表示你需要将哪种东西投进去才能得分。载具走蓝色，人走绿色，我们的根子教授本人走粉色。在时间限制内每个环都得分即可获胜。祝你好运！,欢迎来到心灵！压制！谋杀！规则很简单：每个得分区域包含各种漂浮的圆环。圆环的颜色表示你需要将哪种东西投进去才能得分。载具走蓝色，人走绿色，我们的源木教授本人走粉色。在时间限制内每个环都得分即可获胜。祝你好运！,global_subst:根子,术语全文替换：根子 → 源木（术语表：Prof. Genki = 源木；语料 81:18 占绝对多数）
2026-10-02T19:40:22,Resource/SR3/CHS/le_string/activity_us.txt,441,ACT_PIMPING_RETURN_TO_BROTHEL,把[format][color:green]女孩[/format]带回[format][color:teal]齐莫斯[/format]处,把[format][color:green]风尘女[/format]带回[format][color:teal]齐莫斯[/format]处,global_subst:[color:green]女孩[/format],术语全文替换：[color:green]女孩[/format] → [color:green]风尘女[/format]（HOS 在 SR 官方中文版为「风尘女」；「女孩」是弱化误译）
2026-10-02T19:40:22,Resource/SR3/CHS/le_string/activity_us.txt,446,ACT_PIMPING_RESCUE_COPS_REROUTE,[format][color:green]女孩[/format]们被捕了，快去保释她们,[format][color:green]风尘女[/format]们被捕了，快去保释她们,global_subst:[color:green]女孩[/format],术语全文替换：[color:green]女孩[/format] → [color:green]风尘女[/format]（HOS 在 SR 官方中文版为「风尘女」；「女孩」是弱化误译）
2026-10-02T19:40:22,Resource/SR3/CHS/le_string/activity_us.txt,468,ACT_PIMPING_TRAP_ATTACK_GET_HOS,你中计了！招募[format][color:green]女孩[/format]并迅速撤离。,你中计了！招募[format][color:green]风尘女[/format]并迅速撤离。,global_subst:[color:green]女孩[/format],术语全文替换：[color:green]女孩[/format] → [color:green]风尘女[/format]（HOS 在 SR 官方中文版为「风尘女」；「女孩」是弱化误译）
2026-10-02T19:40:22,Resource/SR3/CHS/le_string/activity_us.txt,476,ACT_PIMPING_TRAP_ATTACK_KILL_PIMPS,你中计了！在招募[format][color:green]女孩[/format]之前先清场所有[format][color:red]晨星帮[/format]成员。,你中计了！在招募[format][color:green]风尘女[/format]之前先清场所有[format][color:red]晨星帮[/format]成员。,global_subst:[color:green]女孩[/format],术语全文替换：[color:green]女孩[/format] → [color:green]风尘女[/format]（HOS 在 SR 官方中文版为「风尘女」；「女孩」是弱化误译）
2026-10-02T19:40:22,Resource/SR3/CHS/le_string/activity_us.txt,534,ACT_PIMPING_RECRUIT_HOS_TEXT,{RECRUIT_DISMISS_IMG} 招募[format][color:green]女孩[/format],{RECRUIT_DISMISS_IMG} 招募[format][color:green]风尘女[/format],global_subst:[color:green]女孩[/format],术语全文替换：[color:green]女孩[/format] → [color:green]风尘女[/format]（HOS 在 SR 官方中文版为「风尘女」；「女孩」是弱化误译）
2026-10-02T19:40:22,Resource/SR3/CHS/le_string/activity_us.txt,538,ACT_PIMPING_DRIVE_TO_LOCATION,招募[format][color:green]女孩[/format]并把她们带回[format][color:teal]齐莫斯[/format]处,招募[format][color:green]风尘女[/format]并把她们带回[format][color:teal]齐莫斯[/format]处,global_subst:[color:green]女孩[/format],术语全文替换：[color:green]女孩[/format] → [color:green]风尘女[/format]（HOS 在 SR 官方中文版为「风尘女」；「女孩」是弱化误译）
2026-10-02T19:40:22,Resource/SR3/CHS/le_string/activity_us.txt,592,ACT_PIMPING_YOU_NEED_MORE_HOS,你需要更多[format][color:green]女孩[/format],你需要更多[format][color:green]风尘女[/format],global_subst:[color:green]女孩[/format],术语全文替换：[color:green]女孩[/format] → [color:green]风尘女[/format]（HOS 在 SR 官方中文版为「风尘女」；「女孩」是弱化误译）
2026-10-02T19:40:22,Resource/SR3/CHS/le_string/activity_us.txt,620,ACT_PIMPING_RESCUE_KILL_COPS,杀死[format][color:red]警察[/format]并营救[format][color:green]女孩[/format],杀死[format][color:red]警察[/format]并营救[format][color:green]风尘女[/format],global_subst:[color:green]女孩[/format],术语全文替换：[color:green]女孩[/format] → [color:green]风尘女[/format]（HOS 在 SR 官方中文版为「风尘女」；「女孩」是弱化误译）
2026-10-02T19:40:22,Resource/SR3/CHS/le_string/activity_us.txt,627,ACT_PIMPING_VEHICLE_ROUTE_HOS,拦下[format][color:red]车辆[/format]并带走[format][color:green]女孩[/format],拦下[format][color:red]车辆[/format]并带走[format][color:green]风尘女[/format],global_subst:[color:green]女孩[/format],术语全文替换：[color:green]女孩[/format] → [color:green]风尘女[/format]（HOS 在 SR 官方中文版为「风尘女」；「女孩」是弱化误译）
2026-10-02T19:40:22,Resource/SR3/CHS/le_string/activity_us.txt,629,ACT_PIMPING_RECAPTURE_START,一名[format][color:red]晨星帮[/format]成员正抓住你的[format][color:green]女孩[/format]，快把她抢回来,一名[format][color:red]晨星帮[/format]成员正抓住你的[format][color:green]风尘女[/format]，快把她抢回来,global_subst:[color:green]女孩[/format],术语全文替换：[color:green]女孩[/format] → [color:green]风尘女[/format]（HOS 在 SR 官方中文版为「风尘女」；「女孩」是弱化误译）
2026-10-02T19:40:22,Resource/SR3/CHS/le_string/activity_us.txt,632,ACT_PIMPING_TRAP_GET_HOS,干得好，现在去带走[format][color:green]女孩[/format]！,干得好，现在去带走[format][color:green]风尘女[/format]！,global_subst:[color:green]女孩[/format],术语全文替换：[color:green]女孩[/format] → [color:green]风尘女[/format]（HOS 在 SR 官方中文版为「风尘女」；「女孩」是弱化误译）
2026-10-02T19:40:22,Resource/SR3/CHS/le_string/activity_us.txt,639,ACT_PIMPING_GET_CLOSER_TO_HOS,靠近[format][color:green]女孩[/format],靠近[format][color:green]风尘女[/format],global_subst:[color:green]女孩[/format],术语全文替换：[color:green]女孩[/format] → [color:green]风尘女[/format]（HOS 在 SR 官方中文版为「风尘女」；「女孩」是弱化误译）
2026-10-02T19:40:22,Resource/SR3/CHS/le_string/activity_us.txt,642,ACT_PIMPING_RESCUE_PIMPS_REROUTE,[format][color:green]女孩[/format]们被带走了，快去救她们,[format][color:green]风尘女[/format]们被带走了，快去救她们,global_subst:[color:green]女孩[/format],术语全文替换：[color:green]女孩[/format] → [color:green]风尘女[/format]（HOS 在 SR 官方中文版为「风尘女」；「女孩」是弱化误译）
2026-10-02T19:40:22,Resource/SR3/CHS/le_string/activity_us.txt,659,ACT_PIMPING_RESCUE_KILL_PIMPS,杀死[format][color:red]晨星帮[/format]成员并营救[format][color:green]女孩[/format],杀死[format][color:red]晨星帮[/format]成员并营救[format][color:green]风尘女[/format],global_subst:[color:green]女孩[/format],术语全文替换：[color:green]女孩[/format] → [color:green]风尘女[/format]（HOS 在 SR 官方中文版为「风尘女」；「女孩」是弱化误译）
2026-10-02T19:40:22,Resource/SR3/CHS/le_string/activity_us.txt,668,ACT_PIMPING_TRAP_SPRUNG_KILL_PIMPS,有埋伏！在招募[format][color:green]女孩[/format]之前先清场所有[format][color:red]晨星帮[/format]成员。,有埋伏！在招募[format][color:green]风尘女[/format]之前先清场所有[format][color:red]晨星帮[/format]成员。,global_subst:[color:green]女孩[/format],术语全文替换：[color:green]女孩[/format] → [color:green]风尘女[/format]（HOS 在 SR 官方中文版为「风尘女」；「女孩」是弱化误译）
2026-10-02T19:40:22,Resource/SR3/CHS/le_string/activity_us.txt,683,ACT_PIMPING_TRAP_SPRUNG_GET_HOS,有埋伏！招募[format][color:green]女孩[/format]并撤离。,有埋伏！招募[format][color:green]风尘女[/format]并撤离。,global_subst:[color:green]女孩[/format],术语全文替换：[color:green]女孩[/format] → [color:green]风尘女[/format]（HOS 在 SR 官方中文版为「风尘女」；「女孩」是弱化误译）
2026-10-02T19:40:22,Resource/SR3/CHS/le_string/activity_us.txt,687,ACT_PIMPING_VEHICLE_ROUTE_HO,拦下[format][color:red]车辆[/format]并带走[format][color:green]女孩[/format],拦下[format][color:red]车辆[/format]并带走[format][color:green]风尘女[/format],global_subst:[color:green]女孩[/format],术语全文替换：[color:green]女孩[/format] → [color:green]风尘女[/format]（HOS 在 SR 官方中文版为「风尘女」；「女孩」是弱化误译）
2026-10-02T19:52:42,Resource/SR3/CHS/le_string/customize_us.txt,263,VEHICLE_COLOR_SILVER,银,银色,unify_terms:SILVER,术语统一：SILVER → 银色
2026-10-02T19:52:42,Resource/SR3/CHS/le_string/customize_us.txt,586,CUST_VARIANT_SILVER,银,银色,unify_terms:SILVER,术语统一：SILVER → 银色
2026-10-02T19:52:42,Resource/SR3/CHS/le_string/customize_us.txt,629,VEHICLE_COLOR_GOLD,金,金色,unify_terms:GOLD,术语统一：GOLD → 金色
2026-10-02T19:52:42,Resource/SR3/CHS/le_string/customize_us.txt,927,LOGO_FLOWERS,花,花朵,unify_terms:FLOWERS,术语统一：FLOWERS → 花朵
2026-10-02T19:52:42,Resource/SR3/CHS/le_string/customize_us.txt,996,VEHICLE_COLOR_STEEL,钢,钢色,unify_terms:STEEL,术语统一：STEEL → 钢色
2026-10-02T19:52:42,Resource/SR3/CHS/le_string/customize_us.txt,1106,Auburn,红棕  ,红棕发,unify_terms:AUBURN,术语统一：AUBURN → 红棕发
2026-10-02T19:52:42,Resource/SR3/CHS/le_string/customize_us.txt,1445,HAIR_COLOR_AUBURN,红棕,红棕发,unify_terms:AUBURN,术语统一：AUBURN → 红棕发
2026-10-02T19:52:42,Resource/SR3/CHS/le_string/customize_us.txt,1548,CUST_VARIANT_GOLD,金,金色,unify_terms:GOLD,术语统一：GOLD → 金色
2026-10-02T19:52:42,Resource/SR3/CHS/le_string/customize_us.txt,1759,PLAYER_MORPH_ASIAN_TEXT,亚洲,亚裔,unify_terms:ASIAN,术语统一：ASIAN → 亚裔
2026-10-02T19:52:42,Resource/SR3/CHS/le_string/customize_us.txt,1861,PLAYER_CREATION_PRESET_ASIAN,亚洲,亚裔,unify_terms:ASIAN,术语统一：ASIAN → 亚裔
2026-10-02T19:52:42,Resource/SR3/CHS/le_string/customize_us.txt,1912,PLAYER_MORPH_CAUCASIAN_TEXT,高加索,白人,unify_terms:CAUCASIAN,术语统一：CAUCASIAN → 白人
2026-10-02T19:52:42,Resource/SR3/CHS/le_string/customize_us.txt,2445,CUST_WEAR_LOW_BOTH_ZIPPED,低位,低腰,unify_terms:LOW,术语统一：LOW → 低腰
2026-10-02T19:52:42,Resource/SR3/CHS/le_string/customize_us.txt,2654,PLAYER_CREATION_PRESET_WHITE,高加索,白人,unify_terms:CAUCASIAN,术语统一：CAUCASIAN → 白人
2026-10-02T19:52:42,Resource/SR3/CHS/le_string/customize_us.txt,2889,CUST_VARIANT_CIRCLES,圆圈,圆形,unify_terms:CIRCLES,术语统一：CIRCLES → 圆形
2026-10-02T19:52:42,Resource/SR3/CHS/le_string/customize_us.txt,2890,CUST_WEAR_FORWARD,前侧,前,unify_terms:FORWARD,术语统一：FORWARD → 前
2026-10-02T19:52:42,Resource/SR3/CHS/le_string/customize_us.txt,2914,CUST_VARIANT_MED,中等,中号,unify_terms:MEDIUM,术语统一：MEDIUM → 中号
2026-10-02T19:52:42,Resource/SR3/CHS/le_string/customize_us.txt,2924,RACE_CAUCASIAN,高加索,白人,unify_terms:CAUCASIAN,术语统一：CAUCASIAN → 白人
2026-10-02T19:52:42,Resource/SR3/CHS/le_string/customize_us.txt,2977,RACE_ASIAN,亚洲,亚裔,unify_terms:ASIAN,术语统一：ASIAN → 亚裔
2026-10-02T19:52:42,Resource/SR3/CHS/le_string/diversion_us.txt,324,DIVERSION_STREAKING_TITLE,天体,裸奔,unify_terms:STREAKING,术语统一：STREAKING → 裸奔
2026-10-02T19:52:42,Resource/SR3/CHS/le_string/hud_us.txt,29,TUT_TITLE_STREAKING,天体,裸奔,unify_terms:STREAKING,术语统一：STREAKING → 裸奔
2026-10-02T19:52:42,Resource/SR3/CHS/le_string/hud_us.txt,680,TUT_TITLE_DIV_INTRO_STREAKING,天体,裸奔,unify_terms:STREAKING,术语统一：STREAKING → 裸奔
2026-10-02T19:52:42,Resource/SR3/CHS/le_string/platform_pc_us.txt,14,MENU_MEDIUM,中,中号,unify_terms:MEDIUM,术语统一：MEDIUM → 中号
2026-10-02T19:52:42,Resource/SR3/CHS/le_string/platform_pc_us.txt,21,PC_DOF_NORMAL,常规,普通,unify_terms:NORMAL,术语统一：NORMAL → 普通
2026-10-02T19:52:42,Resource/SR3/CHS/le_string/platform_pc_us.txt,467,PC_SM_NORMAL,正常,普通,unify_terms:NORMAL,术语统一：NORMAL → 普通
2026-10-02T19:52:42,Resource/SR3/CHS/le_string/platform_pc_us.txt,501,MENU_HIGH,高,高位,unify_terms:HIGH,术语统一：HIGH → 高位
2026-10-02T19:52:42,Resource/SR3/CHS/le_string/platform_pc_us.txt,523,MENU_LOW,低,低腰,unify_terms:LOW,术语统一：LOW → 低腰
2026-10-02T19:52:42,Resource/SR3/CHS/le_string/static_us.txt,732,STATS_NO,序号,否,unify_terms:NO,术语统一：NO → 否
2026-10-02T19:52:42,Resource/SR3/CHS/dict/le_data_supplement.txt,487,ASIAN,亚洲,亚裔,unify_terms:ASIAN,术语统一：ASIAN → 亚裔
2026-10-02T19:52:42,Resource/SR3/CHS/dict/le_data_supplement.txt,509,AUBURN  ,红棕  ,红棕发,unify_terms:AUBURN,术语统一：AUBURN → 红棕发
2026-10-02T19:52:42,Resource/SR3/CHS/dict/le_data_supplement.txt,2402,FLOWERS,花,花朵,unify_terms:FLOWERS,术语统一：FLOWERS → 花朵
2026-10-02T19:52:42,Resource/SR3/CHS/dict/le_data_supplement.txt,6007,SILVER,银,银色,unify_terms:SILVER,术语统一：SILVER → 银色
2026-10-02T19:52:42,Resource/SR4/CHS/le_string/customize_us.txt,210,HASH_AA80BE26,亚洲,亚裔,unify_terms:ASIAN,术语统一：ASIAN → 亚裔
2026-10-02T19:52:42,Resource/SR4/CHS/le_string/customize_us.txt,448,HASH_BC787250,银,银色,unify_terms:SILVER,术语统一：SILVER → 银色
2026-10-02T19:52:42,Resource/SR4/CHS/le_string/customize_us.txt,787,HASH_4A8CCC94,银,银色,unify_terms:SILVER,术语统一：SILVER → 银色
2026-10-02T19:52:42,Resource/SR4/CHS/le_string/customize_us.txt,1761,CUST_RACE_WHITE,白色,白人,unify_terms:WHITE,术语统一：WHITE → 白人
2026-10-02T19:52:42,Resource/SR4/CHS/le_string/customize_us.txt,2546,HASH_8FA409E3,亚洲,亚裔,unify_terms:ASIAN,术语统一：ASIAN → 亚裔
2026-10-02T19:52:42,Resource/SR4/CHS/le_string/diversion_us.txt,33,HASH_D56DE743,马罗,梅罗,unify_terms:MAERO,术语统一：MAERO → 梅罗
2026-10-02T19:52:42,Resource/SR4/CHS/le_string/diversion_us.txt,122,HASH_B8A249ED,天体,裸奔,unify_terms:STREAKING,术语统一：STREAKING → 裸奔
2026-10-02T19:52:42,Resource/SR4/CHS/le_string/dlc1_us.txt,15,HASH_5FBA9A01,喷火器,火焰喷射器,unify_terms:FLAMETHROWER,术语统一：FLAMETHROWER → 火焰喷射器
2026-10-02T19:52:42,Resource/SR4/CHS/le_string/hud_us.txt,35,HASH_98385308,天体,裸奔,unify_terms:STREAKING,术语统一：STREAKING → 裸奔
2026-10-02T19:52:42,Resource/SR4/CHS/le_string/hud_us.txt,1078,HASH_863E1DC6,天体,裸奔,unify_terms:STREAKING,术语统一：STREAKING → 裸奔
2026-10-02T19:52:42,Resource/SR4/CHS/le_string/menu_us.txt,32,HASH_BC02E083,银,银色,unify_terms:SILVER,术语统一：SILVER → 银色
2026-10-02T19:52:42,Resource/SR4/CHS/le_string/menu_us.txt,660,HASH_91FF18DE,银,银色,unify_terms:SILVER,术语统一：SILVER → 银色
2026-10-02T19:52:42,Resource/SR4/CHS/le_string/new_sr35_us.txt,264,HASH_8B48682F,格斗俱乐部,搏击俱乐部,unify_terms:FIGHT CLUB,术语统一：FIGHT CLUB → 搏击俱乐部
2026-10-02T19:52:42,Resource/SR4/CHS/le_string/new_sr35_us.txt,305,HASH_ABFAB438,格斗俱乐部,搏击俱乐部,unify_terms:FIGHT CLUB,术语统一：FIGHT CLUB → 搏击俱乐部
2026-10-02T19:52:42,Resource/SR4/CHS/le_string/new_sr35_us.txt,976,HASH_25BB32C0,斗拳俱乐部,搏击俱乐部,unify_terms:FIGHT CLUB,术语统一：FIGHT CLUB → 搏击俱乐部
2026-10-02T19:52:42,Resource/SR4/CHS/le_string/new_sr35_us.txt,1038,HASH_E7FBCBCB,银,银色,unify_terms:SILVER,术语统一：SILVER → 银色
2026-10-02T19:52:42,Resource/SR4/CHS/dict/exe_hardcoded.txt,408,FIGHT CLUB,格斗俱乐部,搏击俱乐部,unify_terms:FIGHT CLUB,术语统一：FIGHT CLUB → 搏击俱乐部
2026-10-02T19:52:42,Resource/SR4/CHS/dict/le_data_supplement.txt,582,ASIAN,亚洲,亚裔,unify_terms:ASIAN,术语统一：ASIAN → 亚裔
2026-10-02T19:52:42,Resource/SR4/CHS/dict/le_data_supplement.txt,820,SILVER,银,银色,unify_terms:SILVER,术语统一：SILVER → 银色
2026-10-02T19:52:42,Resource/SR4/CHS/dict/le_data_supplement.txt,1159,SILVER,银,银色,unify_terms:SILVER,术语统一：SILVER → 银色
2026-10-02T19:52:42,Resource/SR4/CHS/dict/le_data_supplement.txt,2688,FLAMETHROWER,喷火器,火焰喷射器,unify_terms:FLAMETHROWER,术语统一：FLAMETHROWER → 火焰喷射器
2026-10-02T19:52:42,Resource/SR4/CHS/dict/le_data_supplement.txt,2918,ASIAN,亚洲,亚裔,unify_terms:ASIAN,术语统一：ASIAN → 亚裔
2026-10-02T19:52:42,Resource/SR4/CHS/dict/le_data_supplement.txt,3196,STREAKING,天体,裸奔,unify_terms:STREAKING,术语统一：STREAKING → 裸奔
2026-10-02T19:52:42,Resource/SR4/CHS/dict/le_data_supplement.txt,3354,FLAMETHROWER,喷火器,火焰喷射器,unify_terms:FLAMETHROWER,术语统一：FLAMETHROWER → 火焰喷射器
2026-10-02T19:52:42,Resource/SR4/CHS/dict/le_data_supplement.txt,4454,STREAKING,天体,裸奔,unify_terms:STREAKING,术语统一：STREAKING → 裸奔
2026-10-02T19:52:42,Resource/SR4/CHS/dict/le_data_supplement.txt,5497,STREAKING,天体,裸奔,unify_terms:STREAKING,术语统一：STREAKING → 裸奔
2026-10-02T19:52:42,Resource/SR4/CHS/dict/le_data_supplement.txt,5843,SILVER,银,银色,unify_terms:SILVER,术语统一：SILVER → 银色
2026-10-02T19:52:42,Resource/SR4/CHS/dict/le_data_supplement.txt,6180,FIGHT CLUB,格斗俱乐部,搏击俱乐部,unify_terms:FIGHT CLUB,术语统一：FIGHT CLUB → 搏击俱乐部
2026-10-02T19:52:42,Resource/SR4/CHS/dict/le_data_supplement.txt,6471,SILVER,银,银色,unify_terms:SILVER,术语统一：SILVER → 银色
2026-10-02T19:52:42,Resource/SR4/CHS/dict/le_data_supplement.txt,8737,FIGHT CLUB,格斗俱乐部,搏击俱乐部,unify_terms:FIGHT CLUB,术语统一：FIGHT CLUB → 搏击俱乐部
2026-10-02T19:52:42,Resource/SR4/CHS/dict/le_data_supplement.txt,8778,FIGHT CLUB,格斗俱乐部,搏击俱乐部,unify_terms:FIGHT CLUB,术语统一：FIGHT CLUB → 搏击俱乐部
2026-10-02T19:52:42,Resource/SR4/CHS/dict/le_data_supplement.txt,9449,FIGHT CLUB,格斗俱乐部,搏击俱乐部,unify_terms:FIGHT CLUB,术语统一：FIGHT CLUB → 搏击俱乐部
2026-10-02T19:52:42,Resource/SR4/CHS/dict/le_data_supplement.txt,9511,SILVER,银,银色,unify_terms:SILVER,术语统一：SILVER → 银色
2026-10-02T19:52:42,Resource/SR4/CHS/le_string/customize_us.txt,2188,HASH_657E899D,马罗鲻鱼头,梅罗鲻鱼头,global_subst:马罗,术语全文替换：马罗 → 梅罗（人物 Maero 通行译名）
2026-10-02T19:52:42,Resource/SR4/CHS/le_string/diversion_us.txt,78,HASH_DA3E50A7,马罗音频日志,梅罗音频日志,global_subst:马罗,术语全文替换：马罗 → 梅罗（人物 Maero 通行译名）
2026-10-02T19:52:42,Resource/SR4/CHS/le_string/diversion_us.txt,238,HASH_CFDC2B5C,"前往该地点，然后等待目标出现。
击杀马罗，即可将其作为圣徒兄弟生成。","前往该地点，然后等待目标出现。
击杀梅罗，即可将其作为圣徒兄弟生成。",global_subst:马罗,术语全文替换：马罗 → 梅罗（人物 Maero 通行译名）
2026-10-02T19:52:42,Resource/SR4/CHS/le_string/mission_us.txt,373,HASH_13B46E38,击杀 [format][color:Location]马罗[/format],击杀 [format][color:Location]梅罗[/format],global_subst:马罗,术语全文替换：马罗 → 梅罗（人物 Maero 通行译名）
2026-10-02T19:52:42,Resource/SR4/CHS/le_string/mission_us.txt,374,HASH_91E7BE38,击杀（暗杀马罗）,击杀（暗杀梅罗）,global_subst:马罗,术语全文替换：马罗 → 梅罗（人物 Maero 通行译名）
2026-10-02T19:52:42,Resource/SR4/CHS/le_string/mission_us.txt,599,HASH_15939259,击杀 [format][color:kill]马罗[/format],击杀 [format][color:kill]梅罗[/format],global_subst:马罗,术语全文替换：马罗 → 梅罗（人物 Maero 通行译名）
2026-10-02T19:52:42,Resource/SR4/CHS/le_string/new_sr35_us.txt,313,UNL_HOMIE_MAERO,同伴 - 马罗,同伴 - 梅罗,global_subst:马罗,术语全文替换：马罗 → 梅罗（人物 Maero 通行译名）
2026-10-02T19:52:42,Resource/SR4/CHS/le_string/new_sr35_us.txt,551,HASH_CAC53D6B,呼叫马罗,呼叫梅罗,global_subst:马罗,术语全文替换：马罗 → 梅罗（人物 Maero 通行译名）
2026-10-02T19:52:42,Resource/SR4/CHS/le_string/voice_us.txt,69,HASH_D349BC04,等等，那是马罗吗？,等等，那是梅罗吗？,global_subst:马罗,术语全文替换：马罗 → 梅罗（人物 Maero 通行译名）
2026-10-02T19:52:42,Resource/SR4/CHS/le_string/voice_us.txt,80,HASH_5FC8B404,你只是段程序，马罗。在现实世界，你已经死了。,你只是段程序，梅罗。在现实世界，你已经死了。,global_subst:马罗,术语全文替换：马罗 → 梅罗（人物 Maero 通行译名）
2026-10-02T19:52:42,Resource/SR4/CHS/le_string/voice_us.txt,802,HASH_44BB742F,等一下。我觉得那是马罗——！,等一下。我觉得那是梅罗——！,global_subst:马罗,术语全文替换：马罗 → 梅罗（人物 Maero 通行译名）
2026-10-02T19:52:42,Resource/SR4/CHS/le_string/voice_us.txt,1766,HASH_1277986C,看到相信我的判断会发生什么了吧？我们能把事办得漂亮。这些年来我一直告诉你我会做计划。见鬼，莎蒂想的那些主意大半都是我先想出来的。现在马罗死了，我们还增进了感情。*叹气* 天下太平。好吧，除了整个地球被炸飞那事……但除此之外……,看到相信我的判断会发生什么了吧？我们能把事办得漂亮。这些年来我一直告诉你我会做计划。见鬼，莎蒂想的那些主意大半都是我先想出来的。现在梅罗死了，我们还增进了感情。*叹气* 天下太平。好吧，除了整个地球被炸飞那事……但除此之外……,global_subst:马罗,术语全文替换：马罗 → 梅罗（人物 Maero 通行译名）
2026-10-02T19:52:42,Resource/SR4/CHS/le_string/voice_us.txt,4889,HASH_9BB80D27,哇，等等。那好像是马罗。,哇，等等。那好像是梅罗。,global_subst:马罗,术语全文替换：马罗 → 梅罗（人物 Maero 通行译名）
2026-10-02T19:52:42,Resource/SR4/CHS/le_string/voice_us.txt,5088,HASH_055A2533,别自欺欺人了。现实中，马罗已经死了好多年。,别自欺欺人了。现实中，梅罗已经死了好多年。,global_subst:马罗,术语全文替换：马罗 → 梅罗（人物 Maero 通行译名）
2026-10-02T19:52:42,Resource/SR4/CHS/le_string/voice_us.txt,5218,HASH_0A1FDD3C,等等，那是马罗吗？,等等，那是梅罗吗？,global_subst:马罗,术语全文替换：马罗 → 梅罗（人物 Maero 通行译名）
2026-10-02T19:52:42,Resource/SR4/CHS/dict/le_data_supplement.txt,2560,MAERO MULLET,马罗鲻鱼头,梅罗鲻鱼头,global_subst:马罗,术语全文替换：马罗 → 梅罗（人物 Maero 通行译名）
2026-10-02T19:52:42,Resource/SR4/CHS/dict/le_data_supplement.txt,3152,MAERO AUDIO LOGS,马罗音频日志,梅罗音频日志,global_subst:马罗,术语全文替换：马罗 → 梅罗（人物 Maero 通行译名）
2026-10-02T19:52:42,Resource/SR4/CHS/dict/le_data_supplement.txt,3312,"Go to the location then wait for the TARGET to appear. 
Kill Maero to be able to spawn him as a Saints Homie.","前往该地点，然后等待目标出现。
击杀马罗，即可将其作为圣徒兄弟生成。","前往该地点，然后等待目标出现。
击杀梅罗，即可将其作为圣徒兄弟生成。",global_subst:马罗,术语全文替换：马罗 → 梅罗（人物 Maero 通行译名）
2026-10-02T19:52:42,Resource/SR4/CHS/dict/le_data_supplement.txt,7084,KILL [format][color:Location]MAERO[/format],击杀 [format][color:Location]马罗[/format],击杀 [format][color:Location]梅罗[/format],global_subst:马罗,术语全文替换：马罗 → 梅罗（人物 Maero 通行译名）
2026-10-02T19:52:42,Resource/SR4/CHS/dict/le_data_supplement.txt,7085,KILL (ASSASSINATE MAERO),击杀（暗杀马罗）,击杀（暗杀梅罗）,global_subst:马罗,术语全文替换：马罗 → 梅罗（人物 Maero 通行译名）
2026-10-02T19:52:42,Resource/SR4/CHS/dict/le_data_supplement.txt,7310,KILL [format][color:kill]MAERO[/format],击杀 [format][color:kill]马罗[/format],击杀 [format][color:kill]梅罗[/format],global_subst:马罗,术语全文替换：马罗 → 梅罗（人物 Maero 通行译名）
2026-10-02T19:52:42,Resource/SR4/CHS/dict/le_data_supplement.txt,8786,HOMIE - MAERO,同伴 - 马罗,同伴 - 梅罗,global_subst:马罗,术语全文替换：马罗 → 梅罗（人物 Maero 通行译名）
2026-10-02T19:52:42,Resource/SR4/CHS/dict/le_data_supplement.txt,9024,Call in Maero,呼叫马罗,呼叫梅罗,global_subst:马罗,术语全文替换：马罗 → 梅罗（人物 Maero 通行译名）
2026-10-02T19:52:42,Resource/SR4/CHS/dict/le_string_keys.txt,829,UNL_HOMIE_MAERO,同伴 - 马罗,同伴 - 梅罗,global_subst:马罗,术语全文替换：马罗 → 梅罗（人物 Maero 通行译名）
2026-10-02T19:52:42,Resource/SR4/CHS/dict/voice_001.txt,68,"Hold on, is that Maero?",等等，那是马罗吗？,等等，那是梅罗吗？,global_subst:马罗,术语全文替换：马罗 → 梅罗（人物 Maero 通行译名）
2026-10-02T19:52:42,Resource/SR4/CHS/dict/voice_001.txt,79,"You're just a program, Maero.  In the real world, you're dead.",你只是段程序，马罗。在现实世界，你已经死了。,你只是段程序，梅罗。在现实世界，你已经死了。,global_subst:马罗,术语全文替换：马罗 → 梅罗（人物 Maero 通行译名）
2026-10-02T19:52:42,Resource/SR4/CHS/dict/voice_001.txt,280,"Hey Maero, how's Jessica?",喂，马罗，杰西卡还好吗？,喂，梅罗，杰西卡还好吗？,global_subst:马罗,术语全文替换：马罗 → 梅罗（人物 Maero 通行译名）
2026-10-02T19:52:42,Resource/SR4/CHS/dict/voice_001.txt,801,Wait a minute.  I think that's Maero--!,等一下。我觉得那是马罗——！,等一下。我觉得那是梅罗——！,global_subst:马罗,术语全文替换：马罗 → 梅罗（人物 Maero 通行译名）
2026-10-02T19:52:42,Resource/SR4/CHS/dict/voice_002.txt,54,Maero...,马罗……,梅罗……,global_subst:马罗,术语全文替换：马罗 → 梅罗（人物 Maero 通行译名）
2026-10-02T19:52:42,Resource/SR4/CHS/dict/voice_002.txt,765,"See what happens when you trust my judgment?  We get shit done right.  I've tried to tell you for years I know how to make a plan.  Hell, most of what Shaundi comes up with was my idea first.  Now Maero's dead and we had some bonding time.  *sigh* All's right in the universe.  Well, except that whole Earth being blown up thing...but aside from that...",看到相信我的判断会发生什么了吧？我们能把事办得漂亮。这些年来我一直告诉你我会做计划。见鬼，莎蒂想的那些主意大半都是我先想出来的。现在马罗死了，我们还增进了感情。*叹气* 天下太平。好吧，除了整个地球被炸飞那事……但除此之外……,看到相信我的判断会发生什么了吧？我们能把事办得漂亮。这些年来我一直告诉你我会做计划。见鬼，莎蒂想的那些主意大半都是我先想出来的。现在梅罗死了，我们还增进了感情。*叹气* 天下太平。好吧，除了整个地球被炸飞那事……但除此之外……,global_subst:马罗,术语全文替换：马罗 → 梅罗（人物 Maero 通行译名）
2026-10-02T19:52:42,Resource/SR4/CHS/dict/voice_004.txt,696,Maero...,马罗……,梅罗……,global_subst:马罗,术语全文替换：马罗 → 梅罗（人物 Maero 通行译名）
2026-10-02T19:52:42,Resource/SR4/CHS/dict/voice_005.txt,76,"Hey Maero, how's Jessica?",嘿马罗，杰茜卡怎么样？,嘿梅罗，杰茜卡怎么样？,global_subst:马罗,术语全文替换：马罗 → 梅罗（人物 Maero 通行译名）
2026-10-02T19:52:42,Resource/SR4/CHS/dict/voice_005.txt,888,"Whoa, wait.  That looks like Maero.",哇，等等。那好像是马罗。,哇，等等。那好像是梅罗。,global_subst:马罗,术语全文替换：马罗 → 梅罗（人物 Maero 通行译名）
2026-10-02T19:52:42,Resource/SR4/CHS/dict/voice_006.txt,87,"Don't kid yourself.  In reality, Maero's been dead for years.",别自欺欺人了。现实中，马罗已经死了好多年。,别自欺欺人了。现实中，梅罗已经死了好多年。,global_subst:马罗,术语全文替换：马罗 → 梅罗（人物 Maero 通行译名）
2026-10-02T19:52:42,Resource/SR4/CHS/dict/voice_006.txt,217,"Hold on, is that Maero?",等等，那是马罗吗？,等等，那是梅罗吗？,global_subst:马罗,术语全文替换：马罗 → 梅罗（人物 Maero 通行译名）
2026-10-02T19:52:42,Resource/SR4/CHS/dict/voice_006.txt,456,"Hey Maero, how's Jessica?",喂，马罗，杰西卡还好吗？,喂，梅罗，杰西卡还好吗？,global_subst:马罗,术语全文替换：马罗 → 梅罗（人物 Maero 通行译名）
2026-10-02T19:52:42,Resource/SR4/CHS/dict/voice_006.txt,482,"Hey Maero, how's Jessica?",喂，马罗，杰西卡还好吗？,喂，梅罗，杰西卡还好吗？,global_subst:马罗,术语全文替换：马罗 → 梅罗（人物 Maero 通行译名）
2026-10-02T19:53:43,Resource/SR3/CHS/le_string/customize_us.txt,934,CUST_GANG_NUDE,天体,裸奔,global_subst:天体,术语全文替换：天体 → 裸奔（Streaking = 裸奔；「天体」是星体，误译）
2026-10-02T19:53:43,Resource/SR3/CHS/le_string/customize_us.txt,1756,CUST_SKIN_ASIAN_02,亚洲 2,亚裔 2,global_subst:亚洲 ,术语全文替换：亚洲  → 亚裔 （ASIAN N → 亚裔 N（R1 人种统一））
2026-10-02T19:53:43,Resource/SR3/CHS/le_string/customize_us.txt,1760,CUST_SKIN_CAUCASIAN_03,高加索 3,白人 3,global_subst:高加索 ,术语全文替换：高加索  → 白人 （CAUCASIAN N → 白人 N（R1 人种统一））
2026-10-02T19:53:43,Resource/SR3/CHS/le_string/customize_us.txt,2132,CUST_SKIN_CAUCASIAN_02,高加索 2,白人 2,global_subst:高加索 ,术语全文替换：高加索  → 白人 （CAUCASIAN N → 白人 N（R1 人种统一））
2026-10-02T19:53:43,Resource/SR3/CHS/le_string/customize_us.txt,2137,CUST_SKIN_ASIAN_03,亚洲 3,亚裔 3,global_subst:亚洲 ,术语全文替换：亚洲  → 亚裔 （ASIAN N → 亚裔 N（R1 人种统一））
2026-10-02T19:53:43,Resource/SR3/CHS/le_string/customize_us.txt,2391,CUST_SKIN_ASIAN_04,亚洲 4,亚裔 4,global_subst:亚洲 ,术语全文替换：亚洲  → 亚裔 （ASIAN N → 亚裔 N（R1 人种统一））
2026-10-02T19:53:43,Resource/SR3/CHS/le_string/customize_us.txt,2399,CUST_SKIN_CAUCASIAN_05,高加索 5,白人 5,global_subst:高加索 ,术语全文替换：高加索  → 白人 （CAUCASIAN N → 白人 N（R1 人种统一））
2026-10-02T19:53:43,Resource/SR3/CHS/le_string/customize_us.txt,2651,CUST_SKIN_OILED_1,油光高加索 1,油光白人 1,global_subst:高加索 ,术语全文替换：高加索  → 白人 （CAUCASIAN N → 白人 N（R1 人种统一））
2026-10-02T19:53:43,Resource/SR3/CHS/le_string/customize_us.txt,2731,CUST_SKIN_ASIAN_05,亚洲 5,亚裔 5,global_subst:亚洲 ,术语全文替换：亚洲  → 亚裔 （ASIAN N → 亚裔 N（R1 人种统一））
2026-10-02T19:53:43,Resource/SR3/CHS/le_string/customize_us.txt,2797,CUST_SKIN_ASIAN_01,亚洲 1,亚裔 1,global_subst:亚洲 ,术语全文替换：亚洲  → 亚裔 （ASIAN N → 亚裔 N（R1 人种统一））
2026-10-02T19:53:43,Resource/SR3/CHS/le_string/diversion_us.txt,8,DIVERSION_CHALLENGES_STREAKING_TIME,天体时长,裸奔时长,global_subst:天体,术语全文替换：天体 → 裸奔（Streaking = 裸奔；「天体」是星体，误译）
2026-10-02T19:53:43,Resource/SR3/CHS/le_string/diversion_us.txt,10,HITMAN_TARGET_13_DESCRIPTION,镇上有个叫「城市道德十字军」的组织，本质是个由阿格尼丝领导的现代宗教审判所。[format][color:em]在灰木区教堂附近来点小天体[/format]，准能把这镇压狂混蛋[format][color:em]引出来[/format]。,镇上有个叫「城市道德十字军」的组织，本质是个由阿格尼丝领导的现代宗教审判所。[format][color:em]在灰木区教堂附近来点小裸奔[/format]，准能把这镇压狂混蛋[format][color:em]引出来[/format]。,global_subst:天体,术语全文替换：天体 → 裸奔（Streaking = 裸奔；「天体」是星体，误译）
2026-10-02T19:53:43,Resource/SR3/CHS/le_string/diversion_us.txt,234,DIVERSION_STREAKING_HELP_TEXT_MESSAGE,尽可能贴着更多人天体！,尽可能贴着更多人裸奔！,global_subst:天体,术语全文替换：天体 → 裸奔（Streaking = 裸奔；「天体」是星体，误译）
2026-10-02T19:53:43,Resource/SR3/CHS/le_string/diversion_us.txt,307,DIVERSION_STREAKING_LEVEL_COMPLETE_RESPECT,天体关卡 %d 完成！获得 %d 声望。,裸奔关卡 %d 完成！获得 %d 声望。,global_subst:天体,术语全文替换：天体 → 裸奔（Streaking = 裸奔；「天体」是星体，误译）
2026-10-02T19:53:43,Resource/SR3/CHS/le_string/diversion_us.txt,448,DIV_STREAKING_COMPLETE,天体即时挑战全部关卡完成！,裸奔即时挑战全部关卡完成！,global_subst:天体,术语全文替换：天体 → 裸奔（Streaking = 裸奔；「天体」是星体，误译）
2026-10-02T19:53:43,Resource/SR3/CHS/le_string/diversion_us.txt,507,DIVERSION_STREAKING_START_HELP_MESSAGE,再次按下 %ls 开始天体,再次按下 %ls 开始裸奔,global_subst:天体,术语全文替换：天体 → 裸奔（Streaking = 裸奔；「天体」是星体，误译）
2026-10-02T19:53:43,Resource/SR3/CHS/le_string/diversion_us.txt,537,DIVERSION_STREAKING_LEVEL_COMPLETE_CASH,天体第 %d 关完成！赚得 $%.0f,裸奔第 %d 关完成！赚得 $%.0f,global_subst:天体,术语全文替换：天体 → 裸奔（Streaking = 裸奔；「天体」是星体，误译）
2026-10-02T19:53:43,Resource/SR3/CHS/le_string/hud_us.txt,270,TUT_STREAKING,"连按 {MENU_DP_DOWN_IMG} 两次开始天体。
不穿任何衣服时即可使用天体这一消遣活动。 ","连按 {MENU_DP_DOWN_IMG} 两次开始裸奔。
不穿任何衣服时即可使用裸奔这一消遣活动。 ",global_subst:天体,术语全文替换：天体 → 裸奔（Streaking = 裸奔；「天体」是星体，误译）
2026-10-02T19:53:43,Resource/SR3/CHS/le_string/platform_pc_us.txt,285,TUT_STREAKING_PC,"连按两次 {TAUNT_TWO_IMG} 开始天体。
不穿任何衣服时，天体这个消遣即可使用。 ","连按两次 {TAUNT_TWO_IMG} 开始裸奔。
不穿任何衣服时，裸奔这个消遣即可使用。 ",global_subst:天体,术语全文替换：天体 → 裸奔（Streaking = 裸奔；「天体」是星体，误译）
2026-10-02T19:53:43,Resource/SR3/CHS/le_string/static_us.txt,686,CUST_DIALOG_DISROBE_BODY,"这会脱掉你身上的所有衣物。
光溜溜才能天体。
确定吗？","这会脱掉你身上的所有衣物。
光溜溜才能裸奔。
确定吗？",global_subst:天体,术语全文替换：天体 → 裸奔（Streaking = 裸奔；「天体」是星体，误译）
2026-10-02T19:53:43,Resource/SR3/CHS/le_string/static_us.txt,966,STAT_STREAKING_PEOPLE,天体经过人数,裸奔经过人数,global_subst:天体,术语全文替换：天体 → 裸奔（Streaking = 裸奔；「天体」是星体，误译）
2026-10-02T19:53:43,Resource/SR3/CHS/le_string/static_us.txt,1033,STAT_STREAKING_CASH,天体获得声望,裸奔获得声望,global_subst:天体,术语全文替换：天体 → 裸奔（Streaking = 裸奔；「天体」是星体，误译）
2026-10-02T19:53:43,Resource/SR3/CHS/le_string/static_us.txt,1050,STAT_STREAKING_TOTAL_TIME,天体总时长,裸奔总时长,global_subst:天体,术语全文替换：天体 → 裸奔（Streaking = 裸奔；「天体」是星体，误译）
2026-10-02T19:53:43,Resource/SR3/CHS/dict/le_data_supplement.txt,488,ASIAN 1,亚洲 1,亚裔 1,global_subst:亚洲 ,术语全文替换：亚洲  → 亚裔 （ASIAN N → 亚裔 N（R1 人种统一））
2026-10-02T19:53:43,Resource/SR3/CHS/dict/le_data_supplement.txt,489,ASIAN 2,亚洲 2,亚裔 2,global_subst:亚洲 ,术语全文替换：亚洲  → 亚裔 （ASIAN N → 亚裔 N（R1 人种统一））
2026-10-02T19:53:43,Resource/SR3/CHS/dict/le_data_supplement.txt,490,ASIAN 3,亚洲 3,亚裔 3,global_subst:亚洲 ,术语全文替换：亚洲  → 亚裔 （ASIAN N → 亚裔 N（R1 人种统一））
2026-10-02T19:53:43,Resource/SR3/CHS/dict/le_data_supplement.txt,491,ASIAN 4,亚洲 4,亚裔 4,global_subst:亚洲 ,术语全文替换：亚洲  → 亚裔 （ASIAN N → 亚裔 N（R1 人种统一））
2026-10-02T19:53:43,Resource/SR3/CHS/dict/le_data_supplement.txt,492,ASIAN 5,亚洲 5,亚裔 5,global_subst:亚洲 ,术语全文替换：亚洲  → 亚裔 （ASIAN N → 亚裔 N（R1 人种统一））
2026-10-02T19:53:43,Resource/SR3/CHS/dict/le_data_supplement.txt,565,All levels of Streaking Diversion Completed!,天体即时挑战全部关卡完成！,裸奔即时挑战全部关卡完成！,global_subst:天体,术语全文替换：天体 → 裸奔（Streaking = 裸奔；「天体」是星体，误译）
2026-10-02T19:53:43,Resource/SR3/CHS/dict/le_data_supplement.txt,1145,CAUCASIAN 2,高加索 2,白人 2,global_subst:高加索 ,术语全文替换：高加索  → 白人 （CAUCASIAN N → 白人 N（R1 人种统一））
2026-10-02T19:53:43,Resource/SR3/CHS/dict/le_data_supplement.txt,1146,CAUCASIAN 3,高加索 3,白人 3,global_subst:高加索 ,术语全文替换：高加索  → 白人 （CAUCASIAN N → 白人 N（R1 人种统一））
2026-10-02T19:53:43,Resource/SR3/CHS/dict/le_data_supplement.txt,1148,CAUCASIAN 5,高加索 5,白人 5,global_subst:高加索 ,术语全文替换：高加索  → 白人 （CAUCASIAN N → 白人 N（R1 人种统一））
2026-10-02T19:53:43,Resource/SR3/CHS/dict/le_data_supplement.txt,4570,NUDE,天体,裸奔,global_subst:天体,术语全文替换：天体 → 裸奔（Streaking = 裸奔；「天体」是星体，误译）
2026-10-02T19:53:43,Resource/SR3/CHS/dict/le_data_supplement.txt,4701,OILED CAUCASIAN 1,油光高加索 1,油光白人 1,global_subst:高加索 ,术语全文替换：高加索  → 白人 （CAUCASIAN N → 白人 N（R1 人种统一））
2026-10-02T19:53:43,Resource/SR3/CHS/dict/le_data_supplement.txt,4958,PEOPLE STREAKED,天体经过人数,裸奔经过人数,global_subst:天体,术语全文替换：天体 → 裸奔（Streaking = 裸奔；「天体」是星体，误译）
2026-10-02T19:53:43,Resource/SR3/CHS/dict/le_data_supplement.txt,5106,PRESS %ls AGAIN TO START STREAKING,再次按下 %ls 开始天体,再次按下 %ls 开始裸奔,global_subst:天体,术语全文替换：天体 → 裸奔（Streaking = 裸奔；「天体」是星体，误译）
2026-10-02T19:53:43,Resource/SR3/CHS/dict/le_data_supplement.txt,5489,RESPECT EARNED FROM STREAKING,天体获得声望,裸奔获得声望,global_subst:天体,术语全文替换：天体 → 裸奔（Streaking = 裸奔；「天体」是星体，误译）
2026-10-02T19:53:43,Resource/SR3/CHS/dict/le_data_supplement.txt,6348,STREAKING TIME,天体时长,裸奔时长,global_subst:天体,术语全文替换：天体 → 裸奔（Streaking = 裸奔；「天体」是星体，误译）
2026-10-02T19:53:43,Resource/SR3/CHS/dict/le_data_supplement.txt,6622,Streak closely to as many people as possible!,尽可能贴着更多人天体！,尽可能贴着更多人裸奔！,global_subst:天体,术语全文替换：天体 → 裸奔（Streaking = 裸奔；「天体」是星体，误译）
2026-10-02T19:53:43,Resource/SR3/CHS/dict/le_data_supplement.txt,6623,Streaking level %d complete!  Earned $%.0f,天体第 %d 关完成！赚得 $%.0f,裸奔第 %d 关完成！赚得 $%.0f,global_subst:天体,术语全文替换：天体 → 裸奔（Streaking = 裸奔；「天体」是星体，误译）
2026-10-02T19:53:43,Resource/SR3/CHS/dict/le_data_supplement.txt,6624,Streaking level %d complete!  Earned %d respect.,天体关卡 %d 完成！获得 %d 声望。,裸奔关卡 %d 完成！获得 %d 声望。,global_subst:天体,术语全文替换：天体 → 裸奔（Streaking = 裸奔；「天体」是星体，误译）
2026-10-02T19:53:43,Resource/SR3/CHS/dict/le_data_supplement.txt,6995,TOTAL STREAKING TIME,天体总时长,裸奔总时长,global_subst:天体,术语全文替换：天体 → 裸奔（Streaking = 裸奔；「天体」是星体，误译）
2026-10-02T19:53:43,Resource/SR3/CHS/dict/le_data_supplement.txt,7363,"This will remove all your current clothes. 
Being nude allows you to Streak. 
Are you sure?","这会脱掉你身上的所有衣物。
光溜溜才能天体。
确定吗？","这会脱掉你身上的所有衣物。
光溜溜才能裸奔。
确定吗？",global_subst:天体,术语全文替换：天体 → 裸奔（Streaking = 裸奔；「天体」是星体，误译）
2026-10-02T19:53:43,Resource/SR3/CHS/dict/le_data_supplement.txt,8724,"{MENU_DP_DOWN_IMG} twice to start Streaking. 
While not wearing any clothes the Streaking diversion is available. ","连按 {MENU_DP_DOWN_IMG} 两次开始天体。
不穿任何衣服时即可使用天体这一消遣活动。 ","连按 {MENU_DP_DOWN_IMG} 两次开始裸奔。
不穿任何衣服时即可使用裸奔这一消遣活动。 ",global_subst:天体,术语全文替换：天体 → 裸奔（Streaking = 裸奔；「天体」是星体，误译）
2026-10-02T19:53:43,Resource/SR3/CHS/dict/le_data_supplement.txt,8747,"{TAUNT_TWO_IMG} twice to start Streaking. 
While not wearing any clothes the Streaking diversion is available. ","连按两次 {TAUNT_TWO_IMG} 开始天体。
不穿任何衣服时，天体这个消遣即可使用。 ","连按两次 {TAUNT_TWO_IMG} 开始裸奔。
不穿任何衣服时，裸奔这个消遣即可使用。 ",global_subst:天体,术语全文替换：天体 → 裸奔（Streaking = 裸奔；「天体」是星体，误译）
2026-10-02T19:53:43,Resource/SR3/CHS/dict/voice_004.txt,300,I'm naked...?,我天体……？,我裸奔……？,global_subst:天体,术语全文替换：天体 → 裸奔（Streaking = 裸奔；「天体」是星体，误译）
2026-10-02T19:53:43,Resource/SR3/CHS/dict/voice_010.txt,493,You're handling this naked thing better than I thought you would.,你应对天体这事比我预想的淡定多了。,你应对裸奔这事比我预想的淡定多了。,global_subst:天体,术语全文替换：天体 → 裸奔（Streaking = 裸奔；「天体」是星体，误译）
2026-10-02T19:53:43,Resource/SR4/CHS/le_string/customize_us.txt,207,HASH_6004DE25,亚洲 2,亚裔 2,global_subst:亚洲 ,术语全文替换：亚洲  → 亚裔 （ASIAN N → 亚裔 N（R1 人种统一））
2026-10-02T19:53:43,Resource/SR4/CHS/le_string/customize_us.txt,218,HASH_69605A27,高加索 3,白人 3,global_subst:高加索 ,术语全文替换：高加索  → 白人 （CAUCASIAN N → 白人 N（R1 人种统一））
2026-10-02T19:53:43,Resource/SR4/CHS/le_string/customize_us.txt,925,HASH_1E676AB1,高加索 2,白人 2,global_subst:高加索 ,术语全文替换：高加索  → 白人 （CAUCASIAN N → 白人 N（R1 人种统一））
2026-10-02T19:53:43,Resource/SR4/CHS/le_string/customize_us.txt,931,HASH_1703EEB3,亚洲 3,亚裔 3,global_subst:亚洲 ,术语全文替换：亚洲  → 亚裔 （ASIAN N → 亚裔 N（R1 人种统一））
2026-10-02T19:53:43,Resource/SR4/CHS/le_string/customize_us.txt,1414,HASH_89677B10,亚洲 4,亚裔 4,global_subst:亚洲 ,术语全文替换：亚洲  → 亚裔 （ASIAN N → 亚裔 N（R1 人种统一））
2026-10-02T19:53:43,Resource/SR4/CHS/le_string/customize_us.txt,1432,HASH_8003FF12,高加索 5,白人 5,global_subst:高加索 ,术语全文替换：高加索  → 白人 （CAUCASIAN N → 白人 N（R1 人种统一））
2026-10-02T19:53:43,Resource/SR4/CHS/le_string/customize_us.txt,1501,HASH_E7A5C722,天体,裸奔,global_subst:天体,术语全文替换：天体 → 裸奔（Streaking = 裸奔；「天体」是星体，误译）
2026-10-02T19:53:43,Resource/SR4/CHS/le_string/customize_us.txt,1910,HASH_7B30076A,油光高加索 1,油光白人 1,global_subst:高加索 ,术语全文替换：高加索  → 白人 （CAUCASIAN N → 白人 N（R1 人种统一））
2026-10-02T19:53:43,Resource/SR4/CHS/le_string/customize_us.txt,2069,HASH_FE604B86,亚洲 5,亚裔 5,global_subst:亚洲 ,术语全文替换：亚洲  → 亚裔 （ASIAN N → 亚裔 N（R1 人种统一））
2026-10-02T19:53:43,Resource/SR4/CHS/le_string/customize_us.txt,2194,HASH_F90D8F9F,亚洲 1,亚裔 1,global_subst:亚洲 ,术语全文替换：亚洲  → 亚裔 （ASIAN N → 亚裔 N（R1 人种统一））
2026-10-02T19:53:43,Resource/SR4/CHS/le_string/diversion_us.txt,21,HASH_7A4CF4A1,天体即时挑战全部关卡完成！,裸奔即时挑战全部关卡完成！,global_subst:天体,术语全文替换：天体 → 裸奔（Streaking = 裸奔；「天体」是星体，误译）
2026-10-02T19:53:43,Resource/SR4/CHS/le_string/diversion_us.txt,52,HASH_80735845,天体关卡 %d 完成！获得 {GAME_CASH}%.0f,裸奔关卡 %d 完成！获得 {GAME_CASH}%.0f,global_subst:天体,术语全文替换：天体 → 裸奔（Streaking = 裸奔；「天体」是星体，误译）
2026-10-02T19:53:43,Resource/SR4/CHS/le_string/diversion_us.txt,69,HASH_550E96E7,天体关卡 %d 完成！获得 %d [format][color:purple]XP[/format]。,裸奔关卡 %d 完成！获得 %d [format][color:purple]XP[/format]。,global_subst:天体,术语全文替换：天体 → 裸奔（Streaking = 裸奔；「天体」是星体，误译）
2026-10-02T19:53:43,Resource/SR4/CHS/le_string/diversion_us.txt,134,HASH_1306134E,尽可能贴着更多人天体！,尽可能贴着更多人裸奔！,global_subst:天体,术语全文替换：天体 → 裸奔（Streaking = 裸奔；「天体」是星体，误译）
2026-10-02T19:53:43,Resource/SR4/CHS/le_string/diversion_us.txt,221,HASH_E7D4B839,按住 %ls 开始天体,按住 %ls 开始裸奔,global_subst:天体,术语全文替换：天体 → 裸奔（Streaking = 裸奔；「天体」是星体，误译）
2026-10-02T19:53:43,Resource/SR4/CHS/le_string/hud_us.txt,437,HASH_25614F51,"{DPAD_DOWN_IMG} 开始天体。
不穿任何衣物时，天体活动可用。","{DPAD_DOWN_IMG} 开始裸奔。
不穿任何衣物时，裸奔活动可用。",global_subst:天体,术语全文替换：天体 → 裸奔（Streaking = 裸奔；「天体」是星体，误译）
2026-10-02T19:53:43,Resource/SR4/CHS/le_string/mission_us.txt,1442,HASH_BE4C1CD7,津族或许不是最有文化的天体，但它仍是我的家园。,津族或许不是最有文化的裸奔，但它仍是我的家园。,global_subst:天体,术语全文替换：天体 → 裸奔（Streaking = 裸奔；「天体」是星体，误译）
2026-10-02T19:53:43,Resource/SR4/CHS/le_string/platform_pc_us.txt,538,TUT_STREAKING_PC,"{RECRUIT_DISMISS_IMG} 开始天体活动。 
在不穿任何衣物时，天体娱乐活动可用。 ","{RECRUIT_DISMISS_IMG} 开始裸奔活动。 
在不穿任何衣物时，裸奔娱乐活动可用。 ",global_subst:天体,术语全文替换：天体 → 裸奔（Streaking = 裸奔；「天体」是星体，误译）
2026-10-02T19:53:43,Resource/SR4/CHS/le_string/static_us.txt,194,HASH_B46F351B,"这会脱掉你身上的所有衣物。
光溜溜才能天体。
确定吗？","这会脱掉你身上的所有衣物。
光溜溜才能裸奔。
确定吗？",global_subst:天体,术语全文替换：天体 → 裸奔（Streaking = 裸奔；「天体」是星体，误译）
2026-10-02T19:53:43,Resource/SR4/CHS/le_string/static_us.txt,711,STAT_STREAKING_TOTAL_TIME,天体总时长,裸奔总时长,global_subst:天体,术语全文替换：天体 → 裸奔（Streaking = 裸奔；「天体」是星体，误译）
2026-10-02T19:53:43,Resource/SR4/CHS/dict/le_data_supplement.txt,579,ASIAN 2,亚洲 2,亚裔 2,global_subst:亚洲 ,术语全文替换：亚洲  → 亚裔 （ASIAN N → 亚裔 N（R1 人种统一））
2026-10-02T19:53:43,Resource/SR4/CHS/dict/le_data_supplement.txt,590,CAUCASIAN 3,高加索 3,白人 3,global_subst:高加索 ,术语全文替换：高加索  → 白人 （CAUCASIAN N → 白人 N（R1 人种统一））
2026-10-02T19:53:43,Resource/SR4/CHS/dict/le_data_supplement.txt,1297,CAUCASIAN 2,高加索 2,白人 2,global_subst:高加索 ,术语全文替换：高加索  → 白人 （CAUCASIAN N → 白人 N（R1 人种统一））
2026-10-02T19:53:43,Resource/SR4/CHS/dict/le_data_supplement.txt,1303,ASIAN 3,亚洲 3,亚裔 3,global_subst:亚洲 ,术语全文替换：亚洲  → 亚裔 （ASIAN N → 亚裔 N（R1 人种统一））
2026-10-02T19:53:43,Resource/SR4/CHS/dict/le_data_supplement.txt,1786,ASIAN 4,亚洲 4,亚裔 4,global_subst:亚洲 ,术语全文替换：亚洲  → 亚裔 （ASIAN N → 亚裔 N（R1 人种统一））
2026-10-02T19:53:43,Resource/SR4/CHS/dict/le_data_supplement.txt,1804,CAUCASIAN 5,高加索 5,白人 5,global_subst:高加索 ,术语全文替换：高加索  → 白人 （CAUCASIAN N → 白人 N（R1 人种统一））
2026-10-02T19:53:43,Resource/SR4/CHS/dict/le_data_supplement.txt,1873,NUDE,天体,裸奔,global_subst:天体,术语全文替换：天体 → 裸奔（Streaking = 裸奔；「天体」是星体，误译）
2026-10-02T19:53:43,Resource/SR4/CHS/dict/le_data_supplement.txt,2282,OILED CAUCASIAN 1,油光高加索 1,油光白人 1,global_subst:高加索 ,术语全文替换：高加索  → 白人 （CAUCASIAN N → 白人 N（R1 人种统一））
2026-10-02T19:53:43,Resource/SR4/CHS/dict/le_data_supplement.txt,2441,ASIAN 5,亚洲 5,亚裔 5,global_subst:亚洲 ,术语全文替换：亚洲  → 亚裔 （ASIAN N → 亚裔 N（R1 人种统一））
2026-10-02T19:53:43,Resource/SR4/CHS/dict/le_data_supplement.txt,2566,ASIAN 1,亚洲 1,亚裔 1,global_subst:亚洲 ,术语全文替换：亚洲  → 亚裔 （ASIAN N → 亚裔 N（R1 人种统一））
2026-10-02T19:53:43,Resource/SR4/CHS/dict/le_data_supplement.txt,3095,All levels of Streaking Diversion Completed!,天体即时挑战全部关卡完成！,裸奔即时挑战全部关卡完成！,global_subst:天体,术语全文替换：天体 → 裸奔（Streaking = 裸奔；「天体」是星体，误译）
2026-10-02T19:53:43,Resource/SR4/CHS/dict/le_data_supplement.txt,3126,Streaking level %d complete!  Earned {GAME_CASH}%.0f,天体关卡 %d 完成！获得 {GAME_CASH}%.0f,裸奔关卡 %d 完成！获得 {GAME_CASH}%.0f,global_subst:天体,术语全文替换：天体 → 裸奔（Streaking = 裸奔；「天体」是星体，误译）
2026-10-02T19:53:43,Resource/SR4/CHS/dict/le_data_supplement.txt,3143,Streaking level %d complete!  Earned %d [format][color:purple]XP[/format].,天体关卡 %d 完成！获得 %d [format][color:purple]XP[/format]。,裸奔关卡 %d 完成！获得 %d [format][color:purple]XP[/format]。,global_subst:天体,术语全文替换：天体 → 裸奔（Streaking = 裸奔；「天体」是星体，误译）
2026-10-02T19:53:43,Resource/SR4/CHS/dict/le_data_supplement.txt,3208,Streak closely to as many people as possible!,尽可能贴着更多人天体！,尽可能贴着更多人裸奔！,global_subst:天体,术语全文替换：天体 → 裸奔（Streaking = 裸奔；「天体」是星体，误译）
2026-10-02T19:53:43,Resource/SR4/CHS/dict/le_data_supplement.txt,3295,HOLD %ls TO START STREAKING,按住 %ls 开始天体,按住 %ls 开始裸奔,global_subst:天体,术语全文替换：天体 → 裸奔（Streaking = 裸奔；「天体」是星体，误译）
2026-10-02T19:53:43,Resource/SR4/CHS/dict/le_data_supplement.txt,4856,"{DPAD_DOWN_IMG} to start Streaking. 
While not wearing any clothes the Streaking diversion is available. ","{DPAD_DOWN_IMG} 开始天体。
不穿任何衣物时，天体活动可用。","{DPAD_DOWN_IMG} 开始裸奔。
不穿任何衣物时，裸奔活动可用。",global_subst:天体,术语全文替换：天体 → 裸奔（Streaking = 裸奔；「天体」是星体，误译）
2026-10-02T19:53:43,Resource/SR4/CHS/dict/le_data_supplement.txt,8153,Zin may not be the most cultured celestial body but it's still my home.,津族或许不是最有文化的天体，但它仍是我的家园。,津族或许不是最有文化的裸奔，但它仍是我的家园。,global_subst:天体,术语全文替换：天体 → 裸奔（Streaking = 裸奔；「天体」是星体，误译）
2026-10-02T19:53:43,Resource/SR4/CHS/dict/le_data_supplement.txt,10937,"{RECRUIT_DISMISS_IMG} to start Streaking. 
While not wearing any clothes the Streaking diversion is available. ","{RECRUIT_DISMISS_IMG} 开始天体活动。 
在不穿任何衣物时，天体娱乐活动可用。 ","{RECRUIT_DISMISS_IMG} 开始裸奔活动。 
在不穿任何衣物时，裸奔娱乐活动可用。 ",global_subst:天体,术语全文替换：天体 → 裸奔（Streaking = 裸奔；「天体」是星体，误译）
2026-10-02T19:53:43,Resource/SR4/CHS/dict/le_data_supplement.txt,11134,"This will remove all your current clothes. 
Being nude allows you to Streak. 
Are you sure?","这会脱掉你身上的所有衣物。
光溜溜才能天体。
确定吗？","这会脱掉你身上的所有衣物。
光溜溜才能裸奔。
确定吗？",global_subst:天体,术语全文替换：天体 → 裸奔（Streaking = 裸奔；「天体」是星体，误译）
2026-10-02T19:53:43,Resource/SR4/CHS/dict/le_data_supplement.txt,11651,TOTAL STREAKING TIME,天体总时长,裸奔总时长,global_subst:天体,术语全文替换：天体 → 裸奔（Streaking = 裸奔；「天体」是星体，误译）
2026-10-02T19:53:43,Resource/SR4/CHS/dict/le_string_keys.txt,649,STAT_STREAKING_TOTAL_TIME,天体总时长,裸奔总时长,global_subst:天体,术语全文替换：天体 → 裸奔（Streaking = 裸奔；「天体」是星体，误译）
2026-10-02T19:53:43,Resource/SR4/CHS/dict/le_string_keys.txt,688,TUT_STREAKING_PC,"{RECRUIT_DISMISS_IMG} 开始天体活动。 
在不穿任何衣物时，天体娱乐活动可用。 ","{RECRUIT_DISMISS_IMG} 开始裸奔活动。 
在不穿任何衣物时，裸奔娱乐活动可用。 ",global_subst:天体,术语全文替换：天体 → 裸奔（Streaking = 裸奔；「天体」是星体，误译）
